fg,3pt,ft,oreb,dreb,reb,ast,stl,blk,to,pf,pts,id,team,home,date
41-90,10-36,15-18,7,38,45,19,7,3,24,30,107,401070697,Hawks,0,2018-10-17
45-99,12-33,24-31,10,36,46,21,12,6,15,23,126,401070697,Knicks,1,2018-10-17
41-83,14-30,21-36,11,29,40,27,9,5,19,31,117,401070705,Hawks,0,2018-10-19
44-81,13-26,30-43,7,34,41,32,9,4,16,29,131,401070705,Grizzlies,1,2018-10-19
48-98,22-47,15-19,9,35,44,32,9,7,12,21,133,401070718,Hawks,0,2018-10-21
46-99,10-27,9-14,15,34,49,23,5,2,18,25,111,401070718,Cavaliers,1,2018-10-21
38-91,12-40,16-26,9,43,52,25,7,9,17,27,104,401070733,Mavericks,0,2018-10-24
37-91,15-38,22-31,10,44,54,28,6,6,15,26,111,401070733,Hawks,1,2018-10-24
36-83,12-33,13-16,8,44,52,25,14,6,20,21,97,401070757,Bulls,0,2018-10-27
27-84,12-40,19-23,11,37,48,20,9,8,22,13,85,401070757,Hawks,1,2018-10-27
35-94,8-37,14-21,10,37,47,20,10,3,13,18,92,401070769,Hawks,0,2018-10-29
41-99,14-47,17-18,16,48,64,33,7,9,19,22,113,401070769,76ers,1,2018-10-29
44-82,15-35,11-17,6,33,39,25,6,8,22,29,114,401070778,Hawks,0,2018-10-30
45-90,13-25,33-43,13,35,48,23,13,1,13,20,136,401070778,Cavaliers,1,2018-10-30
53-98,14-35,26-32,10,36,46,38,14,3,14,29,146,401070795,Kings,0,2018-11-01
42-87,8-31,23-34,10,33,43,26,6,6,22,28,115,401070795,Hawks,1,2018-11-01
41-85,16-40,20-26,13,28,41,27,6,6,17,20,118,401070809,Heat,0,2018-11-03
46-88,13-32,18-23,8,29,37,33,11,7,16,21,123,401070809,Hawks,1,2018-11-03
41-85,6-30,14-18,7,30,37,22,13,9,22,18,102,401070830,Hawks,0,2018-11-06
45-92,13-31,10-18,8,35,43,27,9,4,21,16,113,401070830,Hornets,1,2018-11-06
34-77,11-30,33-47,11,37,48,15,8,7,16,30,112,401070836,Knicks,0,2018-11-07
37-92,11-38,22-29,15,30,45,26,5,9,17,30,107,401070836,Hawks,1,2018-11-07
46-97,20-47,12-19,10,34,44,30,10,6,10,31,124,401070850,Pistons,0,2018-11-09
36-79,7-28,30-40,9,44,53,17,6,2,16,21,109,401070850,Hawks,1,2018-11-09
41-95,13-37,11-13,10,34,44,25,11,4,17,23,106,401070870,Hawks,0,2018-11-11
39-92,14-38,15-24,17,31,48,28,12,9,22,23,107,401070870,Lakers,1,2018-11-11
40-89,12-32,11-15,10,32,42,25,9,2,14,18,103,401070882,Hawks,0,2018-11-13
39-91,12-27,20-21,13,35,48,28,8,6,13,20,110,401070882,Warriors,1,2018-11-13
32-92,9-42,20-27,15,28,43,20,7,5,19,22,93,401070895,Hawks,0,2018-11-15
53-94,13-31,19-25,11,45,56,34,12,6,15,24,138,401070895,Nuggets,1,2018-11-15
31-87,8-29,19-27,5,36,41,20,15,6,18,24,89,401070907,Hawks,0,2018-11-17
35-87,12-30,15-21,10,43,53,25,11,6,22,26,97,401070907,Pacers,1,2018-11-17
40-93,10-33,37-47,15,37,52,24,9,8,15,22,127,401070924,Clippers,0,2018-11-19
45-101,12-38,17-19,16,35,51,29,6,6,14,38,119,401070924,Hawks,1,2018-11-19
48-90,11-29,17-23,14,41,55,33,6,1,17,21,124,401070935,Raptors,0,2018-11-21
42-93,10-36,14-18,9,25,34,24,10,7,9,21,108,401070935,Hawks,1,2018-11-21
42-91,13-40,17-21,7,36,43,31,11,7,16,29,114,401070949,Celtics,0,2018-11-23
35-81,6-35,20-29,5,35,40,22,9,7,20,26,96,401070949,Hawks,1,2018-11-23
41-92,18-45,23-28,10,32,42,30,8,4,10,15,123,401070969,Hornets,0,2018-11-25
50-94,16-39,8-11,9,32,41,34,5,9,15,23,124,401070969,Hawks,1,2018-11-25
38-80,12-31,27-32,10,36,46,22,13,7,24,24,115,401070983,Hawks,0,2018-11-27
40-87,13-38,20-30,11,32,43,22,20,3,20,25,113,401070983,Heat,1,2018-11-27
32-93,11-44,19-22,16,38,54,20,11,8,19,25,94,401070987,Hawks,0,2018-11-28
38-83,4-20,28-37,5,39,44,20,15,5,14,21,108,401070987,Hornets,1,2018-11-28
43-96,11-36,12-20,14,28,42,26,15,3,21,12,109,401071006,Hawks,0,2018-11-30
46-88,18-41,14-15,7,39,46,30,12,7,20,24,124,401071006,Thunder,1,2018-11-30
48-82,13-24,19-22,6,33,39,33,10,8,20,24,128,401071025,Warriors,0,2018-12-03
44-90,5-26,18-24,9,26,35,23,10,4,18,21,111,401071025,Hawks,1,2018-12-03
46-95,12-38,27-32,12,37,49,35,9,4,15,24,131,401071038,Wizards,0,2018-12-05
41-92,12-38,23-31,8,35,43,28,13,4,17,27,117,401071038,Hawks,1,2018-12-05
36-97,9-36,17-21,11,37,48,28,11,4,15,16,98,401071061,Nuggets,0,2018-12-08
40-93,15-42,11-16,9,42,51,33,9,11,18,23,106,401071061,Hawks,1,2018-12-08
43-93,11-33,10-14,16,28,44,21,7,2,21,30,107,401071093,Hawks,0,2018-12-12
35-75,12-34,32-43,4,32,36,22,13,5,14,16,114,401071093,Mavericks,1,2018-12-12
36-86,16-38,20-32,16,28,44,27,10,5,24,19,108,401071101,Hawks,0,2018-12-14
46-95,19-39,18-20,13,34,47,28,15,9,21,21,129,401071101,Celtics,1,2018-12-14
47-85,14-29,19-25,8,25,33,38,9,5,14,22,127,401071117,Hawks,0,2018-12-16
49-88,16-40,30-33,10,29,39,34,12,3,13,21,144,401071117,Nets,1,2018-12-16
36-83,13-40,25-36,9,28,37,26,14,1,15,32,110,401071133,Wizards,0,2018-12-18
37-79,12-32,32-39,13,36,49,23,4,5,23,29,118,401071133,Hawks,1,2018-12-18
43-91,10-29,18-24,15,39,54,29,4,1,16,18,114,401071153,Hawks,0,2018-12-21
41-84,8-27,17-24,4,31,35,20,8,3,12,22,107,401071153,Knicks,1,2018-12-21
36-91,6-23,20-25,15,39,54,24,9,9,16,25,98,401071167,Hawks,0,2018-12-23
34-83,10-29,17-27,5,36,41,21,6,9,16,25,95,401071167,Pistons,1,2018-12-23
46-83,13-27,24-33,10,29,39,35,13,3,16,17,129,401071180,Pacers,0,2018-12-26
45-89,17-36,14-18,11,30,41,33,8,6,19,24,121,401071180,Hawks,1,2018-12-26
47-100,16-35,13-20,17,41,58,32,10,6,23,33,123,401071198,Hawks,0,2018-12-28
44-98,11-32,21-38,16,31,47,28,14,9,14,26,120,401071198,Timberwolves,1,2018-12-28
40-85,5-23,23-29,10,34,44,27,9,2,12,23,108,401071206,Cavaliers,0,2018-12-29
43-98,10-37,15-25,17,36,53,27,7,4,13,25,111,401071206,Hawks,1,2018-12-29
41-95,13-32,13-19,21,32,53,24,8,5,17,23,108,401071218,Hawks,0,2018-12-31
42-84,11-24,21-29,8,31,39,29,13,6,11,18,116,401071218,Pacers,1,2018-12-31
40-95,10-31,8-13,13,37,50,26,5,6,14,19,98,401071232,Hawks,0,2019-01-02
43-92,11-29,17-23,10,38,48,29,10,2,10,20,114,401071232,Wizards,1,2019-01-02
37-85,14-41,24-35,5,26,31,26,11,3,21,23,112,401071248,Hawks,0,2019-01-04
55-100,14-40,20-28,12,42,54,36,11,8,14,26,144,401071248,Bucks,1,2019-01-04
31-87,5-34,15-27,12,29,41,23,11,7,13,17,82,401071263,Heat,0,2019-01-06
43-91,10-24,10-13,14,45,59,25,7,2,17,22,106,401071263,Hawks,1,2019-01-06
40-87,10-27,11-16,13,37,50,22,12,2,26,22,101,401071278,Hawks,0,2019-01-08
37-80,10-32,20-27,6,33,39,26,18,7,18,20,104,401071278,Raptors,1,2019-01-08
36-99,6-35,22-25,18,34,52,17,8,6,19,24,100,401071285,Hawks,0,2019-01-09
43-95,10-30,20-26,18,36,54,21,10,9,18,28,116,401071285,Nets,1,2019-01-09
40-82,5-27,15-22,5,34,39,28,9,5,17,23,100,401070694,Nets,0,2018-10-17
39-92,6-24,19-22,14,32,46,21,5,5,14,20,103,401070694,Pistons,1,2018-10-17
39-97,9-28,18-20,12,24,36,14,10,1,3,19,105,401070704,Knicks,0,2018-10-19
37-75,12-30,21-24,12,43,55,22,2,6,22,23,107,401070704,Nets,1,2018-10-19
41-86,16-37,14-22,9,31,40,25,6,6,20,18,112,401070710,Nets,0,2018-10-20
51-92,16-24,14-22,10,30,40,21,12,5,10,18,132,401070710,Pacers,1,2018-10-20
38-87,14-34,12-15,8,36,44,23,8,1,14,16,102,401070734,Nets,0,2018-10-24
34-89,3-18,15-16,16,37,53,18,5,2,15,19,86,401070734,Cavaliers,1,2018-10-24
43-98,19-40,10-15,16,38,54,26,6,8,18,22,115,401070753,Nets,0,2018-10-26
44-98,9-23,20-26,15,31,46,23,11,11,11,20,117,401070753,Pelicans,1,2018-10-26
44-89,11-33,21-24,12,35,47,28,11,7,12,16,120,401070764,Warriors,0,2018-10-28
42-87,20-42,10-15,5,32,37,28,5,3,15,20,114,401070764,Nets,1,2018-10-28
34-84,11-38,17-22,11,21,32,22,6,7,10,20,96,401070771,Nets,0,2018-10-29
45-92,9-24,16-18,16,37,53,21,5,3,13,21,115,401070771,Knicks,1,2018-10-29
39-93,11-34,30-39,14,41,55,16,8,6,16,30,119,401070785,Pistons,0,2018-10-31
43-101,12-38,22-30,18,37,55,26,5,3,16,33,120,401070785,Nets,1,2018-10-31
41-83,15-39,22-32,11,30,41,22,4,10,9,21,119,401070799,Rockets,0,2018-11-02
42-85,15-34,12-20,9,29,38,22,5,4,10,28,111,401070799,Nets,1,2018-11-02
31-65,4-20,31-41,9,37,46,16,6,1,27,21,97,401070815,76ers,0,2018-11-04
50-105,9-28,13-18,15,23,38,27,11,3,9,28,122,401070815,Nets,1,2018-11-04
41-92,9-36,13-19,13,39,52,22,9,5,10,22,104,401070832,Nets,0,2018-11-06
28-81,9-25,17-20,9,40,49,16,4,3,20,20,82,401070832,Suns,1,2018-11-06
36-88,12-33,28-42,12,30,42,21,7,9,8,24,112,401070852,Nets,0,2018-11-09
40-87,5-18,25-34,15,39,54,20,3,5,12,28,110,401070852,Nuggets,1,2018-11-09
36-77,7-24,21-29,12,29,41,20,7,2,14,22,100,401070862,Nets,0,2018-11-10
46-83,7-16,17-21,6,30,36,27,9,7,10,24,116,401070862,Warriors,1,2018-11-10
40-101,18-50,15-22,19,23,42,28,10,2,13,29,113,401070876,Nets,0,2018-11-12
42-80,10-23,26-31,9,43,52,26,8,6,23,17,120,401070876,Timberwolves,1,2018-11-12
46-85,8-29,20-28,6,41,47,23,6,6,17,27,120,401070886,Heat,0,2018-11-14
41-101,8-28,17-24,16,30,46,17,10,2,15,29,107,401070886,Nets,1,2018-11-14
38-90,9-33,30-38,13,34,47,19,8,3,11,24,115,401070900,Nets,0,2018-11-16
37-87,3-18,27-34,12,35,47,18,5,4,13,23,104,401070900,Wizards,1,2018-11-16
48-95,11-23,20-24,9,29,38,23,4,1,8,25,127,401070905,Clippers,0,2018-11-17
40-88,13-28,26-34,15,32,47,25,4,5,11,22,119,401070905,Nets,1,2018-11-17
38-88,8-31,20-26,13,40,53,17,6,4,11,21,104,401070931,Nets,0,2018-11-20
36-100,7-32,13-20,18,34,52,18,5,6,14,24,92,401070931,Heat,1,2018-11-20
42-94,14-42,15-21,16,26,42,23,8,2,14,31,113,401070942,Nets,0,2018-11-21
38-78,11-27,32-41,8,37,45,21,10,3,13,20,119,401070942,Mavericks,1,2018-11-21
44-92,9-25,15-17,9,29,38,25,15,4,7,20,112,401070946,Timberwolves,0,2018-11-23
33-79,14-45,22-26,9,37,46,26,2,4,18,22,102,401070946,Nets,1,2018-11-23
44-91,12-29,27-33,13,29,42,28,9,6,9,22,127,401070970,76ers,0,2018-11-25
50-88,10-25,15-20,10,33,43,19,2,4,16,25,125,401070970,Nets,1,2018-11-25
39-82,9-28,14-21,8,40,48,17,10,6,19,25,101,401070989,Jazz,0,2018-11-28
30-86,11-30,20-28,14,34,48,11,12,5,20,20,91,401070989,Nets,1,2018-11-28
50-101,12-30,19-22,11,34,45,27,8,6,17,23,131,401071004,Grizzlies,0,2018-11-30
42-94,16-44,25-30,11,40,51,26,7,4,16,28,125,401071004,Nets,1,2018-11-30
30-81,8-33,20-25,11,31,42,19,8,2,17,17,88,401071013,Nets,0,2018-12-01
41-79,8-26,12-18,2,36,38,19,8,3,13,21,102,401071013,Wizards,1,2018-12-01
38-88,4-15,19-20,14,41,55,15,5,4,9,17,99,401071026,Cavaliers,0,2018-12-03
39-99,10-40,9-16,17,33,50,17,5,2,7,20,97,401071026,Nets,1,2018-12-03
43-99,13-38,15-26,17,43,60,28,8,6,13,23,114,401071039,Thunder,0,2018-12-05
37-86,15-36,23-30,10,35,45,21,7,4,14,24,112,401071039,Nets,1,2018-12-05
35-89,11-35,24-29,6,35,41,25,9,7,15,19,105,401071052,Raptors,0,2018-12-07
43-98,11-35,9-13,16,44,60,22,8,2,20,28,106,401071052,Nets,1,2018-12-07
43-88,11-22,15-25,12,33,45,27,5,5,12,25,112,401071063,Nets,0,2018-12-08
39-83,8-26,18-30,9,31,40,22,8,2,12,18,104,401071063,Knicks,1,2018-12-08
38-74,14-28,37-43,7,30,37,20,10,1,16,23,127,401071089,Nets,0,2018-12-12
50-91,12-28,12-16,10,27,37,31,11,3,17,30,124,401071089,76ers,1,2018-12-12
49-90,11-29,9-16,4,22,26,30,3,3,9,24,118,401071103,Wizards,0,2018-12-14
44-84,11-31,26-31,9,36,45,34,5,3,9,17,125,401071103,Nets,1,2018-12-14
42-90,13-40,13-23,8,40,48,21,6,4,14,19,110,401071134,Lakers,0,2018-12-18
44-91,14-34,13-19,4,36,40,27,5,4,11,18,115,401071134,Nets,1,2018-12-18
34-74,8-25,20-25,7,38,45,23,3,2,13,14,96,401071141,Nets,0,2018-12-19
40-91,6-19,7-10,9,30,39,21,7,5,8,22,93,401071141,Bulls,1,2018-12-19
44-82,11-26,15-18,6,23,29,24,10,8,11,26,114,401071152,Pacers,0,2018-12-21
33-72,16-31,24-34,11,30,41,28,5,3,20,23,106,401071152,Nets,1,2018-12-21
43-89,3-17,14-16,10,31,41,24,10,5,12,27,103,401071170,Suns,0,2018-12-23
40-85,10-27,21-33,14,35,49,25,7,4,17,15,111,401071170,Nets,1,2018-12-23
47-106,15-31,23-30,12,41,53,26,8,3,13,20,132,401071181,Hornets,0,2018-12-26
51-104,19-47,13-18,10,47,57,31,8,7,17,26,134,401071181,Nets,1,2018-12-26
33-83,4-27,17-20,9,39,48,15,4,10,14,20,87,401071193,Nets,0,2018-12-28
41-100,11-33,7-10,12,37,49,19,4,8,8,22,100,401071193,Hornets,1,2018-12-28
38-79,15-35,24-35,5,35,40,28,6,3,14,17,115,401071203,Nets,0,2018-12-29
47-96,21-51,14-16,5,34,39,30,6,5,10,22,129,401071203,Bucks,1,2018-12-29
46-87,10-23,19-27,10,31,41,19,7,5,12,20,121,401071233,Pelicans,0,2019-01-02
47-93,16-31,16-21,12,31,43,27,7,5,10,23,126,401071233,Nets,1,2019-01-02
36-79,13-34,24-26,8,37,45,25,6,2,20,19,109,401071246,Nets,0,2019-01-04
42-93,5-24,11-15,8,32,40,23,9,5,13,24,100,401071246,Grizzlies,1,2019-01-04
42-83,16-46,17-22,6,32,38,29,6,3,9,16,117,401071260,Nets,0,2019-01-06
41-88,7-18,11-15,11,33,44,20,6,4,12,15,100,401071260,Bulls,1,2019-01-06
32-79,11-42,20-22,9,38,47,19,5,4,23,16,95,401071268,Nets,0,2019-01-07
47-93,12-32,10-12,6,37,43,37,13,2,13,21,116,401071268,Celtics,1,2019-01-07
34-87,5-26,14-23,6,41,47,18,8,5,16,20,87,401070213,76ers,0,2018-10-16
42-97,11-37,10-14,12,43,55,21,7,5,14,20,105,401070213,Celtics,1,2018-10-16
40-99,14-36,7-10,16,33,49,29,4,6,14,27,101,401070219,Celtics,0,2018-10-19
43-92,13-35,14-19,12,37,49,24,3,3,12,19,113,401070219,Raptors,1,2018-10-19
33-82,9-25,28-33,11,36,47,21,8,2,15,26,103,401070711,Celtics,0,2018-10-20
36-87,12-35,17-27,11,35,46,23,8,1,16,25,101,401070711,Knicks,1,2018-10-20
38-93,10-35,7-10,8,41,49,28,6,2,9,15,93,401070721,Magic,0,2018-10-22
37-91,9-40,7-9,9,42,51,21,6,3,12,15,90,401070721,Celtics,1,2018-10-22
33-86,11-32,24-33,10,35,45,19,7,1,11,27,101,401070746,Celtics,0,2018-10-25
37-94,7-28,14-25,16,41,57,19,5,6,16,27,95,401070746,Thunder,1,2018-10-25
39-86,14-34,17-25,8,46,54,25,4,8,13,26,109,401070755,Celtics,0,2018-10-27
33-89,7-37,16-20,6,41,47,16,4,3,11,24,89,401070755,Pistons,1,2018-10-27
37-88,8-30,23-27,11,39,50,17,6,3,17,28,105,401070780,Pistons,0,2018-10-30
37-84,9-31,25-32,8,38,46,25,8,4,14,20,108,401070780,Celtics,1,2018-10-30
41-85,9-29,22-30,8,37,45,20,8,3,14,20,113,401070796,Bucks,0,2018-11-01
41-92,24-55,11-13,8,34,42,30,5,8,12,23,117,401070796,Celtics,1,2018-11-01
38-88,19-46,6-9,10,35,45,23,6,8,14,20,101,401070808,Celtics,0,2018-11-03
36-86,11-32,19-25,8,37,45,23,10,2,13,16,102,401070808,Pacers,1,2018-11-03
44-87,9-31,10-12,7,33,40,22,9,9,12,21,107,401070826,Celtics,0,2018-11-05
41-90,13-34,20-28,15,32,47,25,5,4,13,14,115,401070826,Nuggets,1,2018-11-05
39-97,14-37,24-31,17,39,56,21,6,6,16,18,116,401070845,Celtics,0,2018-11-08
41-93,11-35,16-19,4,38,42,25,10,6,15,23,109,401070845,Suns,1,2018-11-08
39-88,17-43,20-22,5,23,28,31,11,3,8,20,115,401070853,Celtics,0,2018-11-09
43-77,13-34,24-30,8,37,45,29,4,4,16,21,123,401070853,Jazz,1,2018-11-09
36-93,14-42,8-10,11,31,42,19,11,5,12,16,94,401070869,Celtics,0,2018-11-11
39-86,14-36,8-10,15,40,55,22,4,2,21,14,100,401070869,Trail Blazers,1,2018-11-11
33-84,7-23,9-9,7,40,47,16,8,3,22,16,82,401070885,Bulls,0,2018-11-14
42-90,15-34,12-14,8,43,51,27,12,5,13,12,111,401070885,Celtics,1,2018-11-14
42-97,8-29,24-29,11,32,43,20,12,4,13,23,116,401070897,Raptors,0,2018-11-16
47-89,9-26,20-24,9,37,46,25,9,6,18,23,123,401070897,Celtics,1,2018-11-16
35-78,11-38,17-27,7,39,46,23,11,4,14,23,98,401070910,Jazz,0,2018-11-17
35-91,5-33,11-20,17,34,51,16,11,4,14,22,86,401070910,Celtics,1,2018-11-17
45-89,9-32,13-18,8,33,41,31,9,6,12,22,112,401070920,Celtics,0,2018-11-19
43-89,15-41,16-22,8,36,44,18,5,3,13,16,117,401070920,Hornets,1,2018-11-19
44-89,15-30,14-17,9,40,49,25,3,11,17,24,117,401070936,Knicks,0,2018-11-21
38-97,10-33,23-32,15,35,50,30,10,9,8,16,109,401070936,Celtics,1,2018-11-21
41-86,10-28,12-13,9,33,42,19,8,3,17,21,104,401070964,Celtics,0,2018-11-24
42-87,16-41,13-21,13,30,43,27,12,3,16,16,113,401070964,Mavericks,1,2018-11-24
48-97,19-39,9-10,14,28,42,27,14,4,13,25,124,401070979,Celtics,0,2018-11-26
34-77,12-32,27-29,9,31,40,21,8,5,22,20,107,401070979,Pelicans,1,2018-11-26
30-77,7-22,28-35,9,27,36,18,5,1,13,21,95,401071000,Cavaliers,0,2018-11-30
49-92,17-31,13-16,12,35,47,30,4,4,10,27,128,401071000,Celtics,1,2018-11-30
40-85,17-44,21-21,7,33,40,30,9,3,14,25,118,401071016,Celtics,0,2018-12-01
37-82,9-28,26-32,9,30,39,19,6,2,16,18,109,401071016,Timberwolves,1,2018-12-01
36-91,12-35,16-20,14,33,47,21,4,5,16,23,100,401071046,Knicks,0,2018-12-06
49-92,13-38,17-20,7,39,46,32,8,6,9,24,128,401071046,Celtics,1,2018-12-06
50-93,22-43,11-15,13,41,54,34,10,4,7,14,133,401071064,Celtics,0,2018-12-08
31-81,6-24,9-14,8,29,37,16,3,2,15,17,77,401071064,Bulls,1,2018-12-08
39-87,8-26,14-19,6,33,39,28,11,1,13,19,100,401071074,Pelicans,0,2018-12-10
44-90,12-39,13-19,14,37,51,23,8,5,13,21,113,401071074,Celtics,1,2018-12-10
47-104,11-38,25-25,14,36,50,20,6,2,13,19,130,401071090,Celtics,0,2018-12-12
46-91,12-33,21-29,8,33,41,25,7,4,15,27,125,401071090,Wizards,1,2018-12-12
39-94,9-33,17-23,12,32,44,19,11,4,14,25,104,401071112,Celtics,0,2018-12-15
39-80,10-30,25-35,10,38,48,25,10,7,18,21,113,401071112,Pistons,1,2018-12-15
41-96,11-27,18-22,21,35,56,23,8,6,17,19,111,401071139,Suns,0,2018-12-19
38-85,15-39,12-14,9,28,37,26,13,15,16,17,103,401071139,Celtics,1,2018-12-19
41-80,16-40,22-28,11,44,55,26,3,6,20,30,120,401071154,Bucks,0,2018-12-21
35-91,10-34,27-36,9,27,36,22,13,3,5,16,107,401071154,Celtics,1,2018-12-21
38-88,8-32,19-26,9,28,37,24,9,5,9,17,103,401071169,Hornets,0,2018-12-23
43-86,13-39,20-25,11,36,47,30,8,4,14,22,119,401071169,Celtics,1,2018-12-23
38-92,15-40,23-29,9,47,56,25,6,4,19,21,114,401070235,76ers,0,2018-12-25
45-108,14-41,17-20,13,42,55,21,8,4,9,21,121,401070235,Celtics,1,2018-12-25
38-81,12-31,25-31,6,31,37,28,9,3,11,22,113,401071188,Celtics,0,2018-12-27
41-86,18-45,27-35,16,39,55,17,4,4,13,22,127,401071188,Rockets,1,2018-12-27
40-80,16-36,16-18,7,29,36,29,10,4,17,24,112,401071207,Celtics,0,2018-12-29
36-76,7-26,24-29,8,28,36,24,11,2,16,22,103,401071207,Grizzlies,1,2018-12-29
43-88,11-34,14-20,9,31,40,30,5,8,12,17,111,401071221,Celtics,0,2018-12-31
45-91,14-26,16-18,8,35,43,27,6,4,11,17,120,401071221,Spurs,1,2018-12-31
40-84,7-23,15-21,8,26,34,24,7,2,14,16,102,401071234,Timberwolves,0,2019-01-02
45-76,12-30,13-15,3,30,33,34,10,9,16,21,115,401071234,Celtics,1,2019-01-02
34-88,11-44,14-19,11,38,49,16,9,2,14,13,93,401071242,Mavericks,0,2019-01-04
42-96,21-45,9-11,14,39,53,35,12,4,12,16,114,401071242,Celtics,1,2019-01-04
39-91,9-28,21-33,12,27,39,26,6,0,11,18,108,401071283,Pacers,0,2019-01-09
50-88,14-32,21-24,9,39,48,32,7,7,13,25,135,401071283,Celtics,1,2019-01-09
36-89,12-34,15-17,9,28,37,20,5,8,10,10,99,401071293,Celtics,0,2019-01-10
46-96,18-39,5-8,10,41,51,33,7,4,8,18,115,401071293,Heat,1,2019-01-10
42-85,14-34,15-20,11,46,57,26,5,4,21,25,113,401070693,Bucks,0,2018-10-17
41-92,16-38,14-22,9,32,41,21,8,9,11,19,112,401070693,Hornets,1,2018-10-17
43-92,17-38,17-20,12,43,55,32,6,4,15,17,120,401070703,Hornets,0,2018-10-19
36-94,6-31,10-14,12,32,44,18,8,7,15,16,88,401070703,Magic,1,2018-10-19
41-93,16-42,15-23,12,28,40,23,6,12,11,27,113,401070713,Hornets,0,2018-10-20
41-89,11-34,19-27,12,37,49,21,4,11,15,27,112,401070713,Heat,1,2018-10-20
41-97,9-28,15-18,14,27,41,21,5,5,12,14,106,401070722,Hornets,0,2018-10-22
50-87,15-39,12-14,5,41,46,36,10,8,13,21,127,401070722,Raptors,1,2018-10-22
37-85,10-35,26-29,8,28,36,23,5,5,6,20,110,401070737,Hornets,0,2018-10-24
37-77,10-29,28-35,9,36,45,21,4,5,14,24,112,401070737,Bulls,1,2018-10-24
37-85,16-36,16-22,8,26,34,21,5,7,13,16,106,401070748,Bulls,0,2018-10-26
53-93,14-32,15-16,11,39,50,30,10,10,10,18,135,401070748,Hornets,1,2018-10-26
37-95,9-35,20-24,9,39,48,19,3,8,9,25,103,401070759,Hornets,0,2018-10-27
35-91,10-28,25-30,14,42,56,18,4,8,11,23,105,401070759,76ers,1,2018-10-27
41-87,11-28,20-24,10,24,34,25,9,5,15,26,113,401070777,Heat,0,2018-10-30
44-81,13-28,24-29,8,31,39,27,7,5,14,26,125,401070777,Hornets,1,2018-10-30
41-96,8-37,21-29,14,35,49,20,12,9,10,21,111,401070792,Thunder,0,2018-11-01
38-93,11-41,20-22,11,40,51,26,7,3,17,26,107,401070792,Hornets,1,2018-11-01
35-81,10-26,14-15,3,23,26,22,10,2,13,20,94,401070807,Cavaliers,0,2018-11-03
52-91,10-30,12-13,12,38,50,29,3,7,15,17,126,401070807,Hornets,1,2018-11-03
43-110,16-40,30-40,14,35,49,25,10,5,4,33,132,401070849,Hornets,0,2018-11-09
45-94,12-37,31-41,13,46,59,33,3,15,16,33,133,401070849,76ers,1,2018-11-09
43-85,11-28,16-18,6,40,46,24,6,8,12,26,113,401070865,Hornets,0,2018-11-11
38-104,12-44,15-19,22,29,51,21,5,4,10,18,103,401070865,Pistons,1,2018-11-11
33-95,8-41,15-19,12,25,37,22,12,4,9,11,89,401070880,Hornets,0,2018-11-13
45-85,13-24,10-12,14,46,60,23,5,3,19,20,113,401070880,Cavaliers,1,2018-11-13
39-93,11-35,33-38,9,44,53,23,9,6,19,24,122,401070906,76ers,0,2018-11-17
42-99,10-31,25-27,9,40,49,23,10,3,17,29,119,401070906,Hornets,1,2018-11-17
41-84,11-33,16-17,10,27,37,26,5,7,14,19,109,401070933,Pacers,0,2018-11-21
45-80,18-29,19-22,6,30,36,30,7,3,12,15,127,401070933,Hornets,1,2018-11-21
43-94,6-31,12-14,11,35,46,24,8,5,13,21,104,401070955,Hornets,0,2018-11-23
41-93,11-33,16-24,11,35,46,24,6,2,14,18,109,401070955,Thunder,1,2018-11-23
37-90,16-46,17-21,10,38,48,25,7,5,14,22,107,401070975,Bucks,0,2018-11-26
38-81,13-29,21-30,5,39,44,21,9,5,11,22,110,401070975,Hornets,1,2018-11-26
44-81,18-40,13-18,6,35,41,32,5,5,14,13,119,401071001,Jazz,0,2018-11-30
47-95,9-28,8-13,7,31,38,19,8,3,8,17,111,401071001,Hornets,1,2018-11-30
44-86,11-32,20-24,9,41,50,30,6,5,17,25,119,401071019,Pelicans,0,2018-12-02
39-91,10-36,21-28,11,30,41,25,9,6,11,19,109,401071019,Hornets,1,2018-12-02
40-98,12-33,12-15,13,27,40,27,7,1,10,15,104,401071043,Hornets,0,2018-12-05
48-89,12-24,13-20,10,40,50,34,6,11,15,15,121,401071043,Timberwolves,1,2018-12-05
39-101,8-35,21-26,20,35,55,24,6,12,9,28,107,401071049,Nuggets,0,2018-12-07
33-86,13-35,34-38,13,35,48,20,8,9,9,20,113,401071049,Hornets,1,2018-12-07
42-87,12-34,23-27,6,36,42,19,11,4,12,17,119,401071071,Hornets,0,2018-12-09
44-93,13-26,6-7,8,33,41,28,5,2,17,25,107,401071071,Knicks,1,2018-12-09
40-86,13-34,14-21,10,39,49,23,4,10,14,26,107,401071086,Pistons,0,2018-12-12
35-85,9-28,29-37,6,36,42,21,7,5,7,17,108,401071086,Hornets,1,2018-12-12
47-98,12-34,20-31,9,37,46,27,11,8,10,16,126,401071102,Knicks,0,2018-12-14
48-102,20-48,8-10,9,42,51,38,7,5,16,23,124,401071102,Hornets,1,2018-12-14
49-92,14-34,16-24,10,42,52,34,12,6,15,20,128,401071111,Lakers,0,2018-12-15
39-92,7-29,15-18,9,29,38,22,3,6,18,19,100,401071111,Hornets,1,2018-12-15
41-85,10-23,7-12,4,31,35,24,8,6,7,18,99,401071136,Cavaliers,0,2018-12-19
47-92,10-25,6-9,13,38,51,24,4,5,12,14,110,401071136,Hornets,1,2018-12-19
32-82,8-34,14-22,12,29,41,21,8,5,14,22,86,401071150,Pistons,0,2018-12-21
33-75,12-24,20-28,11,32,43,19,7,5,16,23,98,401071150,Hornets,1,2018-12-21
47-90,13-31,19-24,10,31,41,22,9,4,16,29,126,401071204,Hornets,0,2018-12-29
48-93,13-37,21-24,9,33,42,35,8,6,12,18,130,401071204,Wizards,1,2018-12-29
38-92,10-35,14-19,13,35,48,22,6,5,11,21,100,401071219,Magic,0,2018-12-31
42-85,11-24,30-33,6,40,46,29,8,1,8,16,125,401071219,Hornets,1,2018-12-31
44-95,18-45,16-18,12,45,57,31,9,4,10,14,122,401071230,Mavericks,0,2019-01-02
32-90,6-32,14-19,12,34,46,23,4,3,14,20,84,401071230,Hornets,1,2019-01-02
39-82,11-29,21-26,12,35,47,22,7,4,17,18,110,401071252,Hornets,0,2019-01-05
47-102,14-39,15-20,17,29,46,30,10,6,7,19,123,401071252,Nuggets,1,2019-01-05
44-91,7-25,24-34,14,32,46,22,9,1,15,21,119,401071266,Hornets,0,2019-01-06
43-83,10-25,17-19,3,33,36,23,8,4,14,25,113,401071266,Suns,1,2019-01-06
36-90,12-33,25-29,10,33,43,20,5,5,11,20,109,401071282,Hornets,0,2019-01-08
48-93,14-30,18-21,7,38,45,28,6,11,10,24,128,401071282,Clippers,1,2019-01-08
44-101,11-33,9-12,5,34,39,28,4,6,12,23,108,401070217,Bulls,0,2018-10-18
44-93,12-36,27-30,11,44,55,30,10,8,13,17,127,401070217,76ers,1,2018-10-18
41-101,18-40,18-23,18,31,49,21,4,4,9,23,118,401070714,Pistons,0,2018-10-20
44-87,7-21,21-26,5,36,41,26,4,3,11,20,116,401070714,Bulls,1,2018-10-20
41-80,13-23,14-21,7,27,34,18,6,4,19,29,109,401070725,Bulls,0,2018-10-22
40-93,15-47,20-21,13,28,41,25,8,2,15,16,115,401070725,Mavericks,1,2018-10-22
53-96,24-45,19-26,8,41,49,34,9,7,7,29,149,401070772,Warriors,0,2018-10-29
46-94,11-35,21-34,12,32,44,25,6,3,9,19,124,401070772,Bulls,1,2018-10-29
45-99,7-26,11-18,17,39,56,24,7,9,16,16,108,401070787,Nuggets,0,2018-10-31
39-92,16-34,13-18,10,33,43,27,7,6,13,23,107,401070787,Bulls,1,2018-10-31
40-85,7-26,20-22,9,33,42,21,8,9,11,13,107,401070801,Pacers,0,2018-11-02
42-89,13-31,8-9,11,32,43,33,2,7,14,20,105,401070801,Bulls,1,2018-11-02
35-83,13-42,13-20,10,35,45,21,13,5,18,22,96,401070810,Rockets,0,2018-11-03
28-71,6-23,26-27,4,33,37,15,13,4,19,18,88,401070810,Bulls,1,2018-11-03
43-95,8-30,22-30,11,37,48,15,9,9,19,22,116,401070824,Bulls,0,2018-11-05
41-106,7-26,26-29,21,41,62,20,7,6,17,27,115,401070824,Knicks,1,2018-11-05
38-96,9-31,13-17,7,39,46,18,9,7,11,16,98,401070840,Bulls,0,2018-11-07
42-94,11-30,12-17,11,44,55,32,5,10,15,18,107,401070840,Pelicans,1,2018-11-07
39-91,8-21,12-18,15,38,53,15,5,6,12,17,98,401070859,Cavaliers,0,2018-11-10
39-82,7-18,14-21,5,33,38,20,7,5,11,19,99,401070859,Bulls,1,2018-11-10
37-79,10-33,19-29,7,42,49,18,11,7,19,22,103,401070874,Mavericks,0,2018-11-12
35-89,8-33,20-22,8,37,45,16,11,3,17,26,98,401070874,Bulls,1,2018-11-12
41-94,13-33,9-13,4,32,36,22,8,3,12,15,104,401070904,Bulls,0,2018-11-16
47-93,18-43,11-17,11,44,55,28,8,8,16,14,123,401070904,Bucks,1,2018-11-16
48-89,14-35,12-13,8,46,54,31,14,10,23,24,122,401070911,Raptors,0,2018-11-17
30-86,8-27,15-21,7,27,34,21,13,3,22,19,83,401070911,Bulls,1,2018-11-17
48-98,10-34,10-10,6,30,36,28,9,5,13,20,116,401070938,Suns,0,2018-11-21
46-81,11-25,21-24,4,35,39,28,8,2,17,19,124,401070938,Bulls,1,2018-11-21
37-87,10-34,19-31,10,38,48,20,10,11,14,21,103,401070954,Heat,0,2018-11-23
35-94,7-28,19-20,11,40,51,23,8,6,17,23,96,401070954,Bulls,1,2018-11-23
32-81,10-33,22-31,6,34,40,22,7,4,13,19,96,401070962,Bulls,0,2018-11-24
42-103,7-34,20-23,21,38,59,22,7,5,13,23,111,401070962,Timberwolves,1,2018-11-24
45-93,10-30,8-9,7,39,46,29,7,2,10,16,108,401070978,Spurs,0,2018-11-26
42-90,14-33,9-11,5,38,43,23,6,5,11,12,107,401070978,Bulls,1,2018-11-26
40-89,11-37,22-29,9,36,45,28,9,3,11,23,113,401070991,Bulls,0,2018-11-28
43-87,12-35,18-24,8,40,48,29,6,8,12,23,116,401070991,Bucks,1,2018-11-28
37-86,3-21,11-14,7,33,40,25,5,7,15,20,88,401071002,Bulls,0,2018-11-30
41-92,13-34,12-16,13,39,52,24,5,5,13,17,107,401071002,Pistons,1,2018-11-30
39-88,8-32,19-24,7,34,41,15,11,6,13,22,105,401071015,Bulls,0,2018-12-01
42-84,16-41,21-30,6,41,47,23,8,7,14,21,121,401071015,Rockets,1,2018-12-01
37-94,11-31,5-5,12,32,44,26,8,2,18,23,90,401071031,Bulls,0,2018-12-04
35-76,6-22,20-24,6,39,45,22,10,6,18,13,96,401071031,Pacers,1,2018-12-04
43-94,10-28,16-24,14,37,51,25,12,6,22,22,112,401071054,Thunder,0,2018-12-07
43-82,12-25,16-23,5,34,39,25,15,6,20,26,114,401071054,Bulls,1,2018-12-07
40-88,16-37,12-15,10,32,42,28,16,4,16,15,108,401071075,Kings,0,2018-12-10
34-76,8-28,13-13,7,33,40,16,10,3,27,17,89,401071075,Bulls,1,2018-12-10
34-71,10-18,13-20,1,32,33,18,10,4,18,23,91,401071099,Bulls,0,2018-12-13
34-82,11-33,18-23,9,34,43,23,8,6,16,16,97,401071099,Magic,1,2018-12-13
37-86,6-29,18-21,8,32,40,16,12,8,7,20,98,401071114,Bulls,0,2018-12-15
32-73,7-21,22-26,7,34,41,18,3,5,15,18,93,401071114,Spurs,1,2018-12-15
38-85,8-22,12-16,13,28,41,20,10,7,23,31,96,401071128,Bulls,0,2018-12-17
43-89,8-21,27-33,17,32,49,24,14,2,19,21,121,401071128,Thunder,1,2018-12-17
28-86,8-33,16-24,13,34,47,20,4,5,8,22,80,401071155,Magic,0,2018-12-21
33-75,5-17,19-26,9,41,50,23,5,6,7,21,90,401071155,Bulls,1,2018-12-21
43-78,11-22,15-17,7,36,43,26,7,3,11,19,112,401071171,Bulls,0,2018-12-23
38-84,7-23,9-14,7,24,31,11,5,2,11,20,92,401071171,Cavaliers,1,2018-12-23
46-93,11-32,16-19,12,40,52,26,4,1,11,15,119,401071183,Timberwolves,0,2018-12-26
39-95,6-23,10-16,12,33,45,22,6,5,10,21,94,401071183,Bulls,1,2018-12-26
37-79,8-22,19-25,7,39,46,20,9,6,10,18,101,401071196,Bulls,0,2018-12-28
34-85,9-30,15-18,8,32,40,22,7,6,12,18,92,401071196,Wizards,1,2018-12-28
33-80,7-20,16-18,7,37,44,16,7,2,16,16,89,401071214,Bulls,0,2018-12-30
34-92,9-33,18-20,17,35,52,17,5,8,11,15,95,401071214,Raptors,1,2018-12-30
44-76,11-26,13-18,4,37,41,31,5,9,13,10,112,401071235,Magic,0,2019-01-02
36-86,7-20,5-8,5,27,32,18,8,0,11,17,84,401071235,Bulls,1,2019-01-02
49-93,9-28,12-17,9,31,40,25,7,3,13,17,119,401071245,Pacers,0,2019-01-04
47-91,12-28,10-13,8,32,40,30,10,2,17,23,116,401071245,Bulls,1,2019-01-04
43-93,9-22,17-19,10,27,37,22,5,3,12,18,112,401071291,Bulls,0,2019-01-09
47-83,11-26,19-21,6,37,43,28,6,7,16,21,124,401071291,Trail Blazers,1,2019-01-09
34-85,7-19,29-39,14,35,49,17,4,0,16,25,104,401070698,Cavaliers,0,2018-10-17
45-92,14-33,12-20,8,35,43,21,6,7,9,29,116,401070698,Raptors,1,2018-10-17
45-93,8-23,25-29,13,30,43,26,5,2,14,24,123,401070706,Cavaliers,0,2018-10-19
44-87,10-25,33-35,9,31,40,28,9,7,13,21,131,401070706,Timberwolves,1,2018-10-19
41-89,8-24,13-15,7,23,30,18,11,1,9,25,103,401070744,Cavaliers,0,2018-10-25
41-78,11-28,17-29,13,35,48,21,4,5,20,21,110,401070744,Pistons,1,2018-10-25
48-74,5-13,18-26,4,20,24,28,13,3,15,15,119,401070758,Pacers,0,2018-10-27
40-86,7-25,20-22,16,23,39,21,9,2,15,20,107,401070758,Cavaliers,1,2018-10-27
41-85,10-26,18-21,14,30,44,22,8,7,12,18,110,401070793,Nuggets,0,2018-11-01
34-83,5-18,18-19,13,22,35,18,11,4,13,22,91,401070793,Cavaliers,1,2018-11-01
41-80,10-23,8-12,8,34,42,20,8,2,18,17,100,401070823,Cavaliers,0,2018-11-05
39-87,11-34,13-15,10,30,40,22,11,5,15,16,102,401070823,Magic,1,2018-11-05
35-84,7-27,18-26,7,37,44,10,13,9,12,23,95,401070834,Thunder,0,2018-11-07
33-89,9-31,11-13,12,39,51,17,3,4,19,26,86,401070834,Cavaliers,1,2018-11-07
35-77,4-21,21-31,9,33,42,22,12,6,23,24,95,401070884,Cavaliers,0,2018-11-14
44-92,13-40,18-26,12,32,44,30,17,3,18,25,119,401070884,Wizards,1,2018-11-14
35-79,8-21,24-34,11,25,36,16,8,3,9,22,102,401070921,Cavaliers,0,2018-11-19
41-89,13-38,18-19,13,37,50,26,5,4,10,27,113,401070921,Pistons,1,2018-11-19
40-78,9-25,20-28,7,44,51,23,2,9,15,20,109,401070937,Lakers,0,2018-11-21
39-102,13-34,14-15,15,31,46,18,3,2,3,22,105,401070937,Cavaliers,1,2018-11-21
49-93,11-22,12-16,14,28,42,16,7,1,8,25,121,401070951,Cavaliers,0,2018-11-23
40-75,12-33,20-26,4,27,31,27,5,2,10,20,112,401070951,76ers,1,2018-11-23
37-74,15-39,19-28,8,23,31,18,5,4,16,19,108,401070960,Rockets,0,2018-11-24
44-90,7-22,22-29,20,29,49,15,11,2,13,24,117,401070960,Cavaliers,1,2018-11-24
40-86,8-26,14-19,8,31,39,18,8,8,8,18,102,401070976,Timberwolves,0,2018-11-26
36-86,10-31,13-14,9,31,40,24,4,3,16,18,95,401070976,Cavaliers,1,2018-11-26
35-89,9-23,4-9,7,36,43,20,4,1,12,19,83,401070994,Cavaliers,0,2018-11-28
41-86,6-27,12-15,8,42,50,25,5,11,13,18,100,401070994,Thunder,1,2018-11-28
39-80,7-26,21-25,6,36,42,15,5,5,10,19,106,401071014,Raptors,0,2018-12-01
34-88,5-22,22-25,11,33,44,14,6,0,11,23,95,401071014,Cavaliers,1,2018-12-01
45-85,18-34,21-24,9,37,46,29,6,5,8,17,129,401071036,Warriors,0,2018-12-05
39-89,11-32,16-23,12,29,41,17,7,2,10,19,105,401071036,Cavaliers,1,2018-12-05
56-98,13-29,4-7,10,25,35,31,6,5,9,18,129,401071053,Kings,0,2018-12-07
43-81,10-26,14-19,7,28,35,20,4,0,16,17,110,401071053,Cavaliers,1,2018-12-07
38-86,14-38,11-16,8,25,33,26,3,3,8,12,101,401071062,Wizards,0,2018-12-08
47-89,15-31,7-10,12,37,49,26,5,5,7,20,116,401071062,Cavaliers,1,2018-12-08
36-96,10-30,10-15,8,38,46,24,5,2,9,15,92,401071076,Cavaliers,0,2018-12-10
42-96,15-36,9-11,12,46,58,22,4,4,14,24,108,401071076,Bucks,1,2018-12-10
41-94,11-27,13-14,9,34,43,21,7,7,12,18,106,401071087,Knicks,0,2018-12-12
43-91,10-34,17-21,12,39,51,19,7,4,12,18,113,401071087,Cavaliers,1,2018-12-12
40-94,12-41,22-28,14,39,53,26,9,6,9,17,114,401071104,Bucks,0,2018-12-14
35-87,13-36,19-21,13,37,50,24,7,2,15,24,102,401071104,Cavaliers,1,2018-12-14
51-91,11-27,15-20,12,36,48,32,5,9,10,18,128,401071118,76ers,0,2018-12-16
41-88,12-30,11-17,6,27,33,28,8,0,12,20,105,401071118,Cavaliers,1,2018-12-16
38-91,6-31,10-13,12,39,51,19,7,5,9,16,92,401071132,Cavaliers,0,2018-12-18
37-93,4-22,13-21,14,38,52,21,7,9,9,12,91,401071132,Pacers,1,2018-12-18
39-82,9-24,23-30,11,29,40,20,5,5,11,23,110,401071151,Cavaliers,0,2018-12-21
48-91,9-31,21-26,13,31,44,21,9,5,8,23,126,401071151,Raptors,1,2018-12-21
33-93,9-29,12-15,19,34,53,19,9,1,16,21,87,401071184,Cavaliers,0,2018-12-26
36-72,5-22,18-24,3,31,34,22,7,9,12,16,95,401071184,Grizzlies,1,2018-12-26
31-81,13-37,19-22,9,33,42,21,6,2,14,15,94,401071197,Cavaliers,0,2018-12-28
48-91,10-31,12-16,10,35,45,29,8,5,7,21,118,401071197,Heat,1,2018-12-28
44-86,16-31,13-17,13,34,47,29,8,3,13,13,117,401071231,Heat,0,2019-01-02
34-75,13-31,11-13,2,20,22,23,8,3,12,16,92,401071231,Cavaliers,1,2019-01-02
42-82,14-35,19-22,8,39,47,28,6,9,11,19,117,401071243,Jazz,0,2019-01-04
32-82,11-21,16-17,7,32,39,14,6,1,13,21,91,401071243,Cavaliers,1,2019-01-04
47-81,14-27,25-29,10,34,44,29,13,7,14,18,133,401071255,Pelicans,0,2019-01-05
36-88,12-33,14-18,10,24,34,22,12,3,17,23,98,401071255,Cavaliers,1,2019-01-05
49-91,10-26,15-19,6,26,32,34,11,0,6,18,123,401071275,Pacers,0,2019-01-08
41-76,13-29,20-23,8,27,35,24,4,3,16,20,115,401071275,Cavaliers,1,2019-01-08
42-88,14-30,26-30,9,22,31,27,7,3,13,30,124,401071288,Cavaliers,0,2019-01-09
46-84,12-29,36-39,11,33,44,33,7,7,16,21,140,401071288,Pelicans,1,2019-01-09
38-88,10-33,14-20,10,28,38,28,7,5,9,16,100,401070216,Mavericks,0,2018-10-17
44-81,19-34,14-16,6,38,44,35,5,2,11,22,121,401070216,Suns,1,2018-10-17
44-84,14-27,34-40,6,27,33,23,10,3,17,30,136,401070715,Timberwolves,0,2018-10-20
49-98,17-50,25-34,15,27,42,29,8,8,16,28,140,401070715,Mavericks,1,2018-10-20
38-92,12-30,19-24,10,34,44,22,6,6,14,17,107,401070750,Mavericks,0,2018-10-26
44-91,11-27,17-20,12,38,50,23,10,5,12,22,116,401070750,Raptors,1,2018-10-26
42-80,10-25,19-22,8,35,43,25,8,6,18,27,113,401070765,Jazz,0,2018-10-28
38-91,9-28,19-25,12,31,43,24,6,3,13,19,104,401070765,Mavericks,1,2018-10-28
43-91,10-34,12-17,8,41,49,15,9,3,22,21,108,401070775,Mavericks,0,2018-10-29
42-91,9-20,20-21,5,36,41,27,17,2,17,19,113,401070775,Spurs,1,2018-10-29
43-86,13-29,14-19,10,30,40,24,5,5,23,24,113,401070790,Mavericks,0,2018-10-31
43-84,10-17,18-24,8,31,39,23,12,6,20,27,114,401070790,Lakers,1,2018-10-31
46-84,7-29,19-26,10,30,40,26,13,4,12,24,118,401070802,Knicks,0,2018-11-02
40-81,11-29,15-24,11,29,40,22,6,1,18,28,106,401070802,Mavericks,1,2018-11-02
37-87,11-35,15-20,5,27,32,27,8,6,10,24,100,401070831,Wizards,0,2018-11-06
39-82,15-34,26-27,10,40,50,25,4,6,17,22,119,401070831,Mavericks,1,2018-11-06
29-73,8-24,36-40,12,37,49,14,3,4,24,27,102,401070841,Mavericks,0,2018-11-07
43-89,13-37,18-26,8,27,35,31,12,10,11,32,117,401070841,Jazz,1,2018-11-07
38-97,9-34,11-18,26,27,53,17,9,2,16,19,96,401070863,Thunder,0,2018-11-10
43-77,14-29,11-17,4,34,38,31,9,5,16,23,111,401070863,Mavericks,1,2018-11-10
25-81,6-35,12-19,8,25,33,16,11,3,21,21,68,401070891,Jazz,0,2018-11-14
45-77,12-28,16-24,7,44,51,24,12,6,19,19,118,401070891,Mavericks,1,2018-11-14
42-94,9-33,16-17,12,35,47,24,6,6,12,27,109,401070913,Warriors,0,2018-11-17
40-86,10-34,22-34,8,38,46,18,6,5,10,18,112,401070913,Mavericks,1,2018-11-17
30-88,10-32,18-21,7,36,43,17,8,4,9,19,88,401070925,Mavericks,0,2018-11-19
37-79,12-30,12-14,5,40,45,29,8,11,15,21,98,401070925,Grizzlies,1,2018-11-19
46-85,17-34,19-24,10,27,37,27,10,7,14,17,128,401070990,Mavericks,0,2018-11-28
40-87,13-45,15-23,15,23,38,28,10,5,16,26,108,401070990,Rockets,1,2018-11-28
34-86,10-39,25-34,9,37,46,20,9,4,16,25,103,401071009,Mavericks,0,2018-11-30
42-86,9-30,21-32,9,38,47,23,8,3,17,29,114,401071009,Lakers,1,2018-11-30
42-95,9-24,17-22,8,36,44,23,9,5,10,22,110,401071022,Clippers,0,2018-12-02
42-95,8-23,22-26,17,47,64,20,6,5,16,21,114,401071022,Mavericks,1,2018-12-02
38-84,7-24,19-23,11,37,48,20,7,6,18,29,102,401071033,Trail Blazers,0,2018-12-04
38-88,11-30,24-35,15,35,50,25,11,4,13,19,111,401071033,Mavericks,1,2018-12-04
39-91,14-46,14-21,11,34,45,26,7,4,18,17,106,401071044,Mavericks,0,2018-12-05
51-92,17-29,13-20,5,41,46,36,12,6,11,15,132,401071044,Pelicans,1,2018-12-05
39-86,15-47,11-13,10,26,36,20,5,3,12,19,104,401071059,Rockets,0,2018-12-08
41-83,12-30,13-16,14,30,44,21,9,3,15,14,107,401071059,Mavericks,1,2018-12-08
32-89,8-28,4-5,7,35,42,18,8,2,15,18,76,401071078,Magic,0,2018-12-10
35-82,10-35,21-25,9,43,52,28,7,4,12,11,101,401071078,Mavericks,1,2018-12-10
31-78,5-33,22-33,14,39,53,14,7,4,23,19,89,401071100,Mavericks,0,2018-12-13
37-92,10-27,15-18,12,28,40,20,15,5,13,27,99,401071100,Suns,1,2018-12-13
46-98,9-31,19-21,11,36,47,20,6,7,9,26,120,401071121,Kings,0,2018-12-16
40-96,9-35,24-31,16,37,53,22,6,5,14,18,113,401071121,Mavericks,1,2018-12-16
40-86,15-37,23-30,6,27,33,26,8,1,8,17,118,401071135,Mavericks,0,2018-12-18
50-90,12-29,14-18,12,35,47,33,7,3,15,28,126,401071135,Nuggets,1,2018-12-18
43-92,10-28,25-33,16,29,45,24,8,0,11,30,121,401071149,Mavericks,0,2018-12-20
47-83,6-20,25-31,11,29,40,26,5,5,12,25,125,401071149,Clippers,1,2018-12-20
42-92,14-39,18-28,11,35,46,28,9,3,13,14,116,401071165,Mavericks,0,2018-12-22
45-98,15-43,15-16,15,39,54,34,7,7,13,23,120,401071165,Warriors,1,2018-12-22
43-103,12-34,20-28,8,41,49,22,1,2,9,20,118,401071176,Mavericks,0,2018-12-23
49-104,11-38,12-17,7,46,53,29,5,6,9,26,121,401071176,Trail Blazers,1,2018-12-23
42-90,12-27,23-30,7,32,39,25,4,2,10,27,119,401071185,Pelicans,0,2018-12-26
39-81,12-35,32-38,8,38,46,23,3,13,12,25,122,401071185,Mavericks,1,2018-12-26
37-78,15-32,23-33,11,28,39,19,7,6,16,22,112,401071199,Mavericks,0,2018-12-28
44-96,4-23,22-27,20,29,49,22,7,4,11,28,114,401071199,Pelicans,1,2018-12-28
40-93,9-38,14-21,7,32,39,17,15,2,11,23,103,401071215,Thunder,0,2018-12-30
37-81,14-39,17-22,9,40,49,21,8,3,23,19,105,401071215,Mavericks,1,2018-12-30
31-74,14-38,26-34,5,44,49,21,7,3,27,29,102,401071223,Mavericks,0,2018-12-31
46-103,6-24,24-35,11,35,46,22,13,3,10,30,122,401071223,Thunder,1,2018-12-31
38-88,9-31,15-23,9,40,49,27,4,3,15,23,100,401071254,Mavericks,0,2019-01-05
39-83,6-26,22-33,8,41,49,31,7,5,10,20,106,401071254,76ers,1,2019-01-05
41-94,8-29,17-27,11,33,44,28,12,2,13,20,107,401071272,Lakers,0,2019-01-07
36-86,8-30,17-24,14,38,52,12,10,7,18,20,97,401071272,Mavericks,1,2019-01-07
36-84,7-25,15-21,7,30,37,22,10,8,15,34,94,401071289,Suns,0,2019-01-09
30-70,12-34,32-45,8,34,42,21,7,5,19,17,104,401071289,Mavericks,1,2019-01-09
33-87,8-24,33-42,14,42,56,20,6,9,10,22,107,401070701,Nuggets,0,2018-10-17
35-88,8-28,20-24,9,38,47,21,3,9,12,32,98,401070701,Clippers,1,2018-10-17
29-77,11-39,22-35,10,30,40,20,6,4,19,26,91,401070716,Suns,0,2018-10-20
43-85,9-28,24-29,9,45,54,28,12,6,18,31,119,401070716,Nuggets,1,2018-10-20
36-79,7-29,19-24,6,34,40,22,4,6,18,29,98,401070720,Warriors,0,2018-10-21
35-86,6-32,24-42,13,34,47,21,11,4,8,22,100,401070720,Nuggets,1,2018-10-21
45-86,13-31,9-20,9,30,39,29,7,6,16,17,112,401070732,Kings,0,2018-10-23
51-99,11-30,13-15,15,34,49,31,11,3,12,22,126,401070732,Nuggets,1,2018-10-23
46-92,6-23,16-20,10,34,44,22,8,5,19,22,114,401070747,Nuggets,0,2018-10-25
46-92,10-29,19-23,9,33,42,27,13,3,13,19,121,401070747,Lakers,1,2018-10-25
43-82,11-24,14-20,7,37,44,28,8,5,22,25,111,401070776,Pelicans,0,2018-10-29
42-93,11-35,21-23,9,32,41,28,14,5,13,17,116,401070776,Nuggets,1,2018-10-29
33-81,6-31,16-24,10,30,40,22,12,7,12,21,88,401070812,Jazz,0,2018-11-03
41-83,9-28,12-19,8,40,48,32,8,0,17,26,103,401070812,Nuggets,1,2018-11-03
32-82,8-32,15-19,13,28,41,19,9,3,16,22,87,401070839,Nuggets,0,2018-11-07
30-70,8-21,21-25,8,28,36,19,7,7,17,22,89,401070839,Grizzlies,1,2018-11-07
48-84,17-34,8-13,5,36,41,27,10,7,12,17,121,401070868,Bucks,0,2018-11-11
41-89,18-38,14-20,10,29,39,27,8,5,10,16,114,401070868,Nuggets,1,2018-11-11
39-71,13-37,18-26,6,26,32,23,7,6,14,20,109,401070881,Rockets,0,2018-11-13
38-76,11-25,12-16,7,24,31,27,11,2,16,20,99,401070881,Nuggets,1,2018-11-13
46-95,15-39,8-13,10,33,43,30,5,6,13,23,115,401070909,Nuggets,0,2018-11-17
42-87,10-25,31-34,10,36,46,29,6,8,11,18,125,401070909,Pelicans,1,2018-11-17
40-94,12-41,6-9,13,30,43,30,6,4,17,20,98,401070926,Nuggets,0,2018-11-19
40-88,11-36,13-22,13,38,51,21,8,3,15,16,104,401070926,Bucks,1,2018-11-19
42-89,14-35,5-6,9,31,40,29,12,4,13,22,103,401070941,Nuggets,0,2018-11-21
35-79,9-32,22-26,8,32,40,24,8,3,17,15,101,401070941,Timberwolves,1,2018-11-21
32-79,8-32,15-19,4,33,37,24,7,2,13,19,87,401070957,Magic,0,2018-11-23
44-93,9-28,15-17,12,39,51,33,10,5,11,20,112,401070957,Nuggets,1,2018-11-23
39-95,10-30,17-24,15,39,54,26,6,9,14,20,105,401070963,Nuggets,0,2018-11-24
37-103,9-39,15-23,19,35,54,22,9,5,10,24,98,401070963,Thunder,1,2018-11-24
34-87,5-35,12-18,8,31,39,19,5,8,12,19,85,401070985,Lakers,0,2018-11-27
47-97,9-25,14-15,16,44,60,28,7,4,11,17,117,401070985,Nuggets,1,2018-11-27
40-87,14-30,19-26,13,28,41,28,11,3,11,21,113,401071010,Nuggets,0,2018-11-30
45-85,6-22,16-21,12,32,44,19,7,6,14,23,112,401071010,Trail Blazers,1,2018-11-30
40-89,11-28,15-24,15,34,49,32,9,2,20,14,106,401071028,Nuggets,0,2018-12-03
40-87,11-41,12-12,7,34,41,28,11,5,17,21,103,401071028,Raptors,1,2018-12-03
45-82,11-19,23-37,4,39,43,34,5,2,10,19,124,401071037,Nuggets,0,2018-12-05
45-95,20-49,8-8,6,34,40,30,4,4,9,23,118,401071037,Magic,1,2018-12-05
37-74,9-27,16-17,6,28,34,22,7,4,14,19,99,401071079,Grizzlies,0,2018-12-10
39-77,9-28,18-23,11,29,40,22,11,6,13,17,105,401071079,Nuggets,1,2018-12-10
37-90,7-19,17-29,19,24,43,14,9,4,13,17,98,401071107,Thunder,0,2018-12-14
42-83,11-34,14-15,12,36,48,29,8,6,20,24,109,401071107,Nuggets,1,2018-12-14
35-88,7-35,9-14,13,38,51,13,5,4,11,16,86,401071123,Raptors,0,2018-12-16
36-85,10-30,13-16,10,34,44,21,7,4,8,14,95,401071123,Nuggets,1,2018-12-16
41-97,9-31,20-25,13,24,37,21,10,5,9,16,111,401071160,Nuggets,0,2018-12-22
53-92,10-20,16-17,13,43,56,28,7,5,15,23,132,401071160,Clippers,1,2018-12-22
35-90,18-40,15-23,11,36,47,29,10,3,12,17,103,401071186,Nuggets,0,2018-12-26
42-90,10-32,17-22,7,43,50,29,6,4,10,17,111,401071186,Spurs,1,2018-12-26
40-89,8-27,11-20,12,26,38,23,14,3,10,19,99,401071200,Spurs,0,2018-12-28
39-85,10-29,14-17,16,36,52,29,5,4,20,20,102,401071200,Nuggets,1,2018-12-28
42-76,18-35,20-26,10,30,40,31,10,3,21,20,122,401071209,Nuggets,0,2018-12-29
49-91,11-29,9-14,12,25,37,29,15,5,13,21,118,401071209,Suns,1,2018-12-29
42-93,11-27,13-18,15,28,43,28,4,3,8,21,108,401071227,Knicks,0,2019-01-01
44-95,12-34,15-23,16,37,53,36,7,6,8,19,115,401071227,Nuggets,1,2019-01-01
41-89,14-39,21-30,16,38,54,24,3,3,14,20,117,401071240,Nuggets,0,2019-01-03
45-90,13-31,10-15,7,26,33,25,5,3,8,23,113,401071240,Kings,1,2019-01-03
44-93,7-29,18-21,14,32,46,26,7,3,14,21,113,401071269,Nuggets,0,2019-01-07
38-76,22-47,27-34,4,30,34,28,8,3,15,23,125,401071269,Rockets,1,2019-01-07
41-87,9-27,12-17,15,35,50,32,2,2,16,20,103,401071277,Nuggets,0,2019-01-08
38-83,8-31,15-25,9,29,38,24,9,8,6,18,99,401071277,Heat,1,2019-01-08
38-87,6-24,18-26,8,30,38,21,4,6,12,16,100,401071294,Clippers,0,2019-01-10
50-99,11-28,10-13,15,38,53,29,7,8,9,23,121,401071294,Nuggets,1,2019-01-10
49-98,14-43,20-28,8,40,48,32,3,8,11,24,132,401070730,76ers,0,2018-10-23
51-108,12-33,19-27,12,34,46,22,4,4,8,24,133,401070730,Pistons,1,2018-10-23
33-83,5-30,28-41,7,37,44,16,8,3,17,32,99,401070806,Pistons,0,2018-11-03
28-69,9-29,44-51,3,42,45,21,11,3,17,31,109,401070806,76ers,1,2018-11-03
44-98,12-31,20-31,9,41,50,24,10,8,17,26,120,401070821,Heat,0,2018-11-05
43-105,11-35,18-28,21,39,60,27,8,3,19,30,115,401070821,Pistons,1,2018-11-05
37-90,11-37,18-20,13,37,50,21,13,1,19,15,103,401070835,Pistons,0,2018-11-07
40-87,9-27,7-9,6,34,40,28,10,8,20,19,96,401070835,Magic,1,2018-11-07
44-91,10-33,8-13,7,32,39,24,8,5,17,24,106,401070887,Pistons,0,2018-11-14
45-92,4-20,10-17,12,37,49,23,9,3,20,19,104,401070887,Raptors,1,2018-11-14
40-85,16-34,28-37,15,22,37,20,8,1,16,26,124,401070939,Pistons,0,2018-11-21
40-72,13-33,33-36,5,31,36,18,8,7,15,25,126,401070939,Rockets,1,2018-11-21
41-98,10-36,19-21,17,27,44,22,6,7,14,26,111,401070948,Rockets,0,2018-11-23
40-88,7-27,29-40,14,35,49,18,11,5,13,18,116,401070948,Pistons,1,2018-11-23
42-82,8-25,15-21,10,32,42,22,6,6,17,22,107,401070968,Suns,0,2018-11-25
43-93,16-41,16-25,13,28,41,30,9,0,12,19,118,401070968,Pistons,1,2018-11-25
36-91,9-27,27-32,13,37,50,16,5,5,13,31,108,401070982,Knicks,0,2018-11-27
38-80,7-24,32-45,7,41,48,20,5,7,13,26,115,401070982,Pistons,1,2018-11-27
39-85,6-26,18-21,8,36,44,23,6,5,14,22,102,401071012,Warriors,0,2018-12-01
43-98,12-35,13-20,14,33,47,22,8,2,11,21,111,401071012,Pistons,1,2018-12-01
43-85,7-25,17-20,6,46,52,23,10,8,17,24,110,401071024,Thunder,0,2018-12-03
31-94,6-32,15-19,9,32,41,16,10,3,15,18,83,401071024,Pistons,1,2018-12-03
35-95,9-38,13-19,12,39,51,19,6,1,20,26,92,401071042,Pistons,0,2018-12-05
38-82,14-41,25-30,4,42,46,25,13,4,15,21,115,401071042,Bucks,1,2018-12-05
44-90,9-32,20-21,12,28,40,26,11,12,16,28,117,401071050,76ers,0,2018-12-07
37-89,7-28,30-37,17,32,49,22,10,3,16,24,111,401071050,Pistons,1,2018-12-07
42-79,12-30,20-23,8,39,47,27,5,8,18,19,116,401071068,Pelicans,0,2018-12-09
43-98,9-29,13-24,17,30,47,28,8,5,10,22,108,401071068,Pistons,1,2018-12-09
41-84,9-21,11-21,10,36,46,23,5,5,15,24,102,401071073,Pistons,0,2018-12-10
39-88,15-37,23-35,16,32,48,27,9,5,13,19,116,401071073,76ers,1,2018-12-10
44-88,9-25,10-15,5,32,37,33,8,10,10,19,107,401071124,Bucks,0,2018-12-17
39-88,14-35,12-15,10,35,45,25,3,2,16,20,104,401071124,Pistons,1,2018-12-17
46-94,20-48,17-28,8,36,44,26,3,2,13,25,129,401071144,Pistons,0,2018-12-19
45-103,9-33,24-29,11,38,49,22,8,4,7,27,123,401071144,Timberwolves,1,2018-12-19
38-83,9-33,10-13,6,25,31,17,14,4,16,21,95,401071178,Wizards,0,2018-12-26
37-80,14-37,18-19,11,35,46,25,8,4,23,20,106,401071178,Pistons,1,2018-12-26
34-91,9-36,11-12,16,28,44,25,7,6,22,22,88,401071194,Pistons,0,2018-12-28
53-87,5-19,14-20,7,36,43,33,11,5,13,17,125,401071194,Pacers,1,2018-12-28
39-92,8-31,21-23,17,34,51,21,6,2,11,21,107,401071212,Pistons,0,2018-12-30
40-85,7-24,22-24,9,36,45,21,7,4,13,20,109,401071212,Magic,1,2018-12-30
35-92,12-33,16-21,14,29,43,23,7,2,14,26,98,401071226,Pistons,0,2019-01-01
47-79,10-27,17-26,5,38,43,28,7,6,13,19,121,401071226,Bucks,1,2019-01-01
36-83,16-40,13-22,7,35,42,23,7,3,7,17,101,401071236,Pistons,0,2019-01-02
36-78,4-18,18-21,8,36,44,21,2,5,11,22,94,401071236,Grizzlies,1,2019-01-02
39-82,7-21,25-32,7,35,42,24,12,6,12,23,110,401071253,Jazz,0,2019-01-05
39-82,11-25,16-20,5,39,44,18,7,2,18,23,105,401071253,Pistons,1,2019-01-05
43-79,7-20,26-32,9,29,38,24,5,5,9,15,119,401071267,Spurs,0,2019-01-07
42-85,9-32,14-17,9,28,37,22,5,2,10,22,107,401071267,Pistons,1,2019-01-07
39-86,14-44,8-14,7,26,33,23,8,2,9,20,100,401071292,Pistons,0,2019-01-09
46-82,8-23,13-18,9,38,47,30,5,6,14,17,113,401071292,Lakers,1,2019-01-09
35-82,11-38,21-24,9,28,37,22,13,3,19,21,102,401071296,Pistons,0,2019-01-10
44-86,9-22,15-20,11,36,47,29,7,8,19,22,112,401071296,Kings,1,2019-01-10
33-91,10-37,24-37,16,29,45,21,12,6,14,21,100,401070214,Thunder,0,2018-10-16
42-95,7-26,17-18,17,41,58,28,7,7,21,29,108,401070214,Warriors,1,2018-10-16
49-87,10-19,16-18,8,35,43,27,10,6,16,23,124,401070220,Warriors,0,2018-10-19
40-89,19-46,24-29,10,28,38,24,11,4,16,19,123,401070220,Jazz,1,2018-10-19
39-86,9-34,16-18,12,33,45,24,8,1,21,21,103,401070728,Suns,0,2018-10-22
45-88,14-37,19-26,7,33,40,35,12,4,14,24,123,401070728,Warriors,1,2018-10-22
42-93,12-42,26-28,7,27,34,22,7,1,12,24,122,401070743,Wizards,0,2018-10-24
53-92,15-33,23-25,10,38,48,37,6,5,15,22,144,401070743,Warriors,1,2018-10-24
51-87,16-33,10-12,6,33,39,26,10,6,14,16,128,401070749,Warriors,0,2018-10-26
39-90,13-39,9-12,11,29,40,17,6,1,19,18,100,401070749,Knicks,1,2018-10-26
44-92,12-35,21-27,12,30,42,24,8,2,15,26,121,401070789,Pelicans,0,2018-10-31
47-89,16-32,21-30,12,34,46,39,10,4,17,24,131,401070789,Warriors,1,2018-10-31
38-101,13-45,10-14,8,31,39,25,8,4,5,16,99,401070805,Timberwolves,0,2018-11-02
43-88,13-34,17-22,12,49,61,31,3,9,16,16,116,401070805,Warriors,1,2018-11-02
38-83,9-27,16-21,4,26,30,31,8,8,10,19,101,401070828,Grizzlies,0,2018-11-05
41-81,13-24,22-23,8,38,46,29,4,4,13,25,117,401070828,Warriors,1,2018-11-05
52-101,9-35,21-27,13,33,46,33,11,7,12,23,134,401070847,Bucks,0,2018-11-08
42-87,10-28,17-22,8,30,38,31,5,6,18,22,111,401070847,Warriors,1,2018-11-08
44-94,12-31,16-23,11,35,46,27,7,8,17,25,116,401070879,Warriors,0,2018-11-12
43-91,5-20,30-34,6,43,49,23,11,5,15,23,121,401070879,Clippers,1,2018-11-12
32-76,4-18,18-22,12,32,44,18,2,5,16,24,86,401070894,Warriors,0,2018-11-15
35-87,16-47,21-26,14,27,41,20,8,4,5,21,107,401070894,Rockets,1,2018-11-15
35-86,5-26,17-21,10,36,46,20,6,4,11,17,92,401070919,Warriors,0,2018-11-18
41-92,10-24,12-17,11,37,48,24,3,5,10,18,104,401070919,Spurs,1,2018-11-18
51-106,13-35,8-15,18,43,61,29,10,5,10,23,123,401070945,Thunder,0,2018-11-21
36-83,7-29,16-24,7,35,42,24,7,10,17,18,95,401070945,Warriors,1,2018-11-21
38-93,9-24,12-22,12,27,39,22,9,2,13,16,97,401070958,Trail Blazers,0,2018-11-23
48-85,17-32,12-16,6,37,43,29,11,10,15,22,125,401070958,Warriors,1,2018-11-23
42-97,11-28,21-29,13,34,47,28,6,4,8,22,116,401070966,Kings,0,2018-11-24
41-88,10-34,25-29,12,42,54,28,5,6,14,24,117,401070966,Warriors,1,2018-11-24
40-90,14-30,16-21,6,28,34,28,11,2,11,21,110,401070981,Magic,0,2018-11-26
41-84,13-35,21-23,10,36,46,21,8,7,14,19,116,401070981,Warriors,1,2018-11-26
50-103,11-30,17-20,17,29,46,27,6,5,14,22,128,401070997,Warriors,0,2018-11-29
47-90,15-38,22-24,7,30,37,25,5,6,14,23,131,401070997,Raptors,1,2018-11-29
40-89,19-46,6-7,6,37,43,32,7,6,17,20,105,401071058,Warriors,0,2018-12-07
36-92,7-39,16-23,15,39,54,18,10,3,18,21,95,401071058,Bucks,1,2018-12-07
38-83,7-25,25-31,9,33,42,28,5,6,16,18,108,401071081,Timberwolves,0,2018-12-10
39-93,19-43,19-21,14,35,49,25,6,5,16,26,116,401071081,Warriors,1,2018-12-10
44-91,9-28,16-19,10,38,48,27,12,3,11,17,113,401071096,Raptors,0,2018-12-12
39-82,6-26,9-13,5,35,40,28,5,11,19,18,93,401071096,Warriors,1,2018-12-12
44-96,15-40,27-36,15,45,60,32,5,0,18,23,130,401071109,Warriors,0,2018-12-14
45-96,15-44,20-25,7,35,42,33,6,3,13,28,125,401071109,Kings,1,2018-12-14
36-79,7-25,14-18,2,39,41,24,6,4,16,23,93,401071130,Grizzlies,0,2018-12-17
37-85,12-31,24-27,6,36,42,23,10,5,10,19,110,401071130,Warriors,1,2018-12-17
38-95,10-31,17-18,10,38,48,18,10,9,12,21,103,401071145,Warriors,0,2018-12-19
37-93,16-42,18-22,10,42,52,30,7,6,16,16,108,401071145,Jazz,1,2018-12-19
43-80,18-23,23-29,5,37,42,23,1,1,15,25,127,401071175,Clippers,0,2018-12-23
42-93,14-40,31-36,15,31,46,22,9,7,7,27,129,401071175,Warriors,1,2018-12-23
47-85,13-33,20-27,6,43,49,27,5,3,12,20,127,401070236,Lakers,0,2018-12-25
38-93,9-36,16-21,7,30,37,28,5,1,13,21,101,401070236,Warriors,1,2018-12-25
38-105,13-40,21-23,11,43,54,20,7,4,14,18,110,401071192,Trail Blazers,0,2018-12-27
45-106,13-44,6-15,14,45,59,36,10,9,15,19,109,401071192,Warriors,1,2018-12-27
40-80,12-25,23-28,5,37,42,27,9,4,12,18,115,401071210,Warriors,0,2018-12-29
39-91,9-31,18-22,11,35,46,18,6,4,13,17,105,401071210,Trail Blazers,1,2018-12-29
46-84,14-28,26-32,7,37,44,31,7,8,15,24,132,401071224,Warriors,0,2018-12-31
37-85,9-26,26-30,7,31,38,20,7,3,13,29,109,401071224,Suns,1,2018-12-31
45-99,21-54,24-28,13,35,48,30,8,5,10,20,135,401071241,Rockets,0,2019-01-03
53-102,14-37,14-15,9,38,47,33,8,6,14,19,134,401071241,Warriors,1,2019-01-03
47-93,21-47,12-14,12,35,47,29,5,8,13,16,127,401071259,Warriors,0,2019-01-05
46-97,20-36,11-14,14,29,43,34,12,0,8,18,123,401071259,Kings,1,2019-01-05
35-88,6-24,19-21,9,30,39,13,11,1,16,12,95,401071281,Knicks,0,2019-01-08
49-96,14-45,10-12,15,34,49,36,9,10,15,14,122,401071281,Warriors,1,2019-01-08
52-98,10-25,17-22,14,40,54,36,8,3,12,25,131,401070215,Pelicans,0,2018-10-17
39-92,16-48,18-24,8,29,37,21,8,7,11,22,112,401070215,Rockets,1,2018-10-17
44-96,16-42,20-30,13,41,54,22,7,4,16,21,124,401070222,Rockets,0,2018-10-20
48-100,8-32,11-18,9,35,44,28,8,10,10,21,115,401070222,Lakers,1,2018-10-20
43-89,15-35,11-15,6,29,35,28,6,6,12,23,112,401070223,Rockets,0,2018-10-21
42-89,5-25,26-26,12,37,49,22,8,7,13,16,115,401070223,Clippers,1,2018-10-21
34-78,10-29,22-28,9,38,47,21,7,5,18,21,100,401070738,Jazz,0,2018-10-24
35-87,11-40,8-14,10,25,35,16,12,5,15,23,89,401070738,Rockets,1,2018-10-24
43-79,12-23,35-38,5,39,44,17,8,4,15,21,133,401070751,Clippers,0,2018-10-26
38-98,15-41,22-25,16,26,42,21,11,7,13,27,113,401070751,Rockets,1,2018-10-26
38-80,8-20,20-23,7,44,51,17,4,4,17,19,104,401070782,Trail Blazers,0,2018-10-30
31-96,10-43,13-23,20,29,49,18,7,9,11,25,85,401070782,Rockets,1,2018-10-30
34-76,15-47,15-16,5,34,39,23,9,6,16,24,98,401070822,Rockets,0,2018-11-05
33-75,8-28,20-30,7,32,39,17,8,3,15,15,94,401070822,Pacers,1,2018-11-05
31-82,11-42,7-10,12,27,39,16,9,3,16,26,80,401070844,Rockets,0,2018-11-08
36-81,9-37,17-24,13,39,52,18,10,4,14,16,98,401070844,Thunder,1,2018-11-08
30-90,9-41,20-29,15,34,49,11,10,5,8,24,89,401070861,Rockets,0,2018-11-10
33-74,10-20,20-27,8,38,46,17,3,5,15,20,96,401070861,Spurs,1,2018-11-10
36-78,11-29,20-26,5,30,35,24,10,6,13,22,103,401070866,Pacers,0,2018-11-11
36-74,20-47,23-32,8,30,38,18,6,5,15,22,115,401070866,Rockets,1,2018-11-11
46-102,11-35,9-12,13,26,39,23,10,3,14,21,112,401070912,Kings,0,2018-11-17
46-81,20-47,20-24,6,35,41,27,9,10,22,20,132,401070912,Rockets,1,2018-11-17
46-97,18-48,21-27,18,30,48,22,8,5,19,31,131,401070977,Rockets,0,2018-11-26
50-89,11-29,24-32,9,29,38,29,7,7,13,29,135,401070977,Wizards,1,2018-11-26
49-98,22-54,16-20,13,36,49,32,9,6,5,22,136,401071007,Rockets,0,2018-11-30
39-86,10-28,17-20,9,32,41,24,4,4,13,18,105,401071007,Spurs,1,2018-11-30
32-74,11-39,16-19,7,27,34,24,9,6,20,27,91,401071029,Rockets,0,2018-12-03
36-82,11-22,20-28,13,29,42,22,11,7,14,16,103,401071029,Timberwolves,1,2018-12-03
34-88,8-36,15-17,14,29,43,13,5,5,23,26,91,401071048,Rockets,0,2018-12-06
45-89,8-32,20-27,12,35,47,26,16,4,12,24,118,401071048,Jazz,1,2018-12-06
38-87,10-25,18-21,13,31,44,20,1,4,14,17,104,401071083,Trail Blazers,0,2018-12-11
42-85,9-29,18-27,12,30,42,22,9,5,7,21,111,401071083,Rockets,1,2018-12-11
43-80,10-32,15-27,7,24,31,23,9,5,12,21,111,401071097,Lakers,0,2018-12-13
42-85,15-34,27-32,15,28,43,24,8,2,13,24,126,401071097,Rockets,1,2018-12-13
35-73,13-37,22-25,6,30,36,23,5,2,12,22,105,401071113,Rockets,0,2018-12-15
40-75,5-23,12-17,6,29,35,20,8,6,14,22,97,401071113,Grizzlies,1,2018-12-15
32-82,10-35,23-31,11,41,52,23,9,4,23,25,97,401071126,Jazz,0,2018-12-17
32-86,12-37,26-31,9,30,39,16,13,7,17,24,102,401071126,Rockets,1,2018-12-17
45-84,10-30,18-23,4,27,31,28,8,2,11,15,118,401071142,Wizards,0,2018-12-19
47-85,26-55,16-21,8,33,41,30,8,2,15,21,136,401071142,Rockets,1,2018-12-19
29-82,18-54,23-30,8,33,41,20,6,3,8,23,99,401071148,Rockets,0,2018-12-20
36-93,9-39,20-34,20,41,61,22,6,4,9,18,101,401071148,Heat,1,2018-12-20
42-88,10-24,7-11,5,38,43,24,3,9,9,17,101,401071164,Spurs,0,2018-12-22
37-95,19-54,15-21,19,39,58,22,4,3,9,18,108,401071164,Rockets,1,2018-12-22
43-98,9-30,14-21,18,34,52,23,12,11,15,22,109,401070234,Thunder,0,2018-12-25
44-97,14-44,11-17,17,37,54,18,9,4,19,25,113,401070234,Rockets,1,2018-12-25
35-81,16-46,22-28,8,31,39,21,9,7,12,20,108,401071205,Rockets,0,2018-12-29
41-92,9-28,13-17,8,37,45,25,7,5,14,23,104,401071205,Pelicans,1,2018-12-29
38-82,6-25,19-30,6,33,39,24,11,4,10,31,101,401071220,Grizzlies,0,2018-12-31
31-70,18-41,33-45,7,39,46,19,5,4,13,25,113,401071220,Rockets,1,2018-12-31
39-84,13-38,10-12,10,30,40,13,6,5,12,22,101,401071258,Rockets,0,2019-01-05
43-94,9-28,15-20,17,30,47,27,7,2,9,11,110,401071258,Trail Blazers,1,2019-01-05
44-91,8-27,20-24,10,39,49,26,11,5,13,25,116,401071286,Bucks,0,2019-01-09
32-85,18-48,27-32,14,32,46,19,4,7,18,18,109,401071286,Rockets,1,2019-01-09
25-84,10-29,23-28,7,21,28,16,11,3,7,18,83,401070695,Grizzlies,0,2018-10-17
47-83,10-26,7-13,13,44,57,29,2,7,20,24,111,401070695,Pacers,1,2018-10-17
38-87,6-18,19-27,9,32,41,14,7,3,17,25,101,401070708,Pacers,0,2018-10-19
44-93,17-46,13-21,11,39,50,27,9,8,17,26,118,401070708,Bucks,1,2018-10-19
36-92,8-26,11-16,12,33,45,18,6,6,15,24,91,401070724,Pacers,0,2018-10-22
36-85,7-33,22-24,8,39,47,24,9,12,15,17,101,401070724,Timberwolves,1,2018-10-22
46-87,17-32,7-8,5,35,40,34,9,5,10,22,116,401070739,Pacers,0,2018-10-24
35-87,6-19,20-21,15,31,46,16,3,3,13,16,96,401070739,Spurs,1,2018-10-24
38-78,10-26,17-18,9,41,50,19,3,3,18,23,103,401070768,Trail Blazers,0,2018-10-29
37-90,6-19,13-20,7,28,35,19,8,5,8,20,93,401070768,Pacers,1,2018-10-29
45-83,6-20,11-17,10,31,41,24,10,10,15,19,107,401070786,Pacers,0,2018-10-31
34-79,12-25,21-24,9,26,35,18,6,6,17,19,101,401070786,Knicks,1,2018-10-31
36-79,10-32,18-22,5,38,43,24,7,8,16,18,100,401070838,76ers,0,2018-11-07
37-94,8-31,12-17,8,33,41,19,9,6,9,21,94,401070838,Pacers,1,2018-11-07
43-79,7-20,17-29,6,33,39,20,10,5,18,26,110,401070851,Pacers,0,2018-11-09
36-80,14-27,16-27,9,29,38,27,6,6,23,27,102,401070851,Heat,1,2018-11-09
35-93,14-36,7-10,13,38,51,21,10,5,16,16,91,401070898,Heat,0,2018-11-16
36-81,14-27,13-15,4,43,47,22,10,6,19,14,99,401070898,Pacers,1,2018-11-16
36-74,11-25,11-16,3,33,36,26,6,10,18,18,94,401070922,Jazz,0,2018-11-19
49-93,12-25,11-17,11,33,44,35,13,3,9,17,121,401070922,Pacers,1,2018-11-19
42-83,10-21,17-24,9,37,46,28,3,4,15,19,111,401070953,Spurs,0,2018-11-23
46-99,3-24,5-9,11,34,45,31,9,2,12,22,100,401070953,Pacers,1,2018-11-23
49-84,9-18,14-17,4,35,39,33,13,4,16,17,121,401070980,Pacers,0,2018-11-26
34-81,8-31,12-17,10,28,38,25,10,4,17,17,88,401070980,Jazz,1,2018-11-26
38-90,11-26,22-29,17,38,55,25,8,6,12,13,109,401070986,Pacers,0,2018-11-27
41-92,10-30,12-18,12,33,45,20,8,6,8,17,104,401070986,Suns,1,2018-11-27
32-86,10-23,22-27,10,34,44,23,14,4,17,22,96,401070998,Pacers,0,2018-11-29
42-86,7-24,13-23,11,39,50,25,8,11,18,23,104,401070998,Lakers,1,2018-11-29
43-82,10-24,14-18,6,36,42,32,11,5,25,26,110,401071017,Pacers,0,2018-12-01
41-91,13-29,16-24,14,32,46,25,10,3,20,16,111,401071017,Kings,1,2018-12-01
44-93,9-26,15-18,11,42,53,26,8,8,9,17,112,401071051,Pacers,0,2018-12-07
36-89,8-33,10-13,9,38,47,20,3,7,14,18,90,401071051,Magic,1,2018-12-07
38-90,9-32,12-15,12,31,43,24,9,8,13,21,97,401071060,Kings,0,2018-12-08
40-92,8-30,19-22,15,37,52,26,7,8,15,17,107,401071060,Pacers,1,2018-12-08
37-88,10-30,17-24,6,28,34,22,13,3,12,22,101,401071072,Wizards,0,2018-12-10
41-76,10-20,17-22,7,43,50,29,7,7,23,25,109,401071072,Pacers,1,2018-12-10
38-91,11-43,10-15,9,34,43,22,6,6,12,18,97,401071088,Bucks,0,2018-12-12
43-91,12-30,15-20,14,40,54,31,7,4,16,13,113,401071088,Pacers,1,2018-12-12
42-95,8-20,21-24,11,36,47,33,7,2,7,22,113,401071105,Pacers,0,2018-12-14
36-88,9-36,20-27,17,32,49,17,5,5,16,21,101,401071105,76ers,1,2018-12-14
37-89,10-32,15-22,13,31,44,21,7,1,15,19,99,401071119,Knicks,0,2018-12-16
40-87,12-34,18-23,11,34,45,28,9,4,13,18,110,401071119,Pacers,1,2018-12-16
38-80,9-20,11-16,9,40,49,19,6,7,20,21,96,401071140,Pacers,0,2018-12-19
38-93,7-30,16-21,11,32,43,20,15,9,9,19,99,401071140,Raptors,1,2018-12-19
28-76,9-35,24-26,6,31,37,21,8,1,22,18,89,401071168,Wizards,0,2018-12-23
43-97,9-30,10-12,16,41,57,24,12,6,17,25,105,401071168,Pacers,1,2018-12-23
43-94,4-17,15-20,12,32,44,24,8,4,14,19,105,401071265,Pacers,0,2019-01-06
44-85,17-33,16-17,8,33,41,30,9,4,15,21,121,401071265,Raptors,1,2019-01-06
34-95,7-33,17-23,15,37,52,18,5,4,12,29,92,401070709,Thunder,0,2018-10-19
35-81,11-26,27-36,10,38,48,21,3,3,14,24,108,401070709,Clippers,1,2018-10-19
41-87,5-20,22-27,9,38,47,18,5,4,16,26,109,401070731,Clippers,0,2018-10-23
40-93,6-24,30-40,12,36,48,22,12,8,8,24,116,401070731,Pelicans,1,2018-10-23
38-97,5-27,23-28,14,31,45,18,7,3,14,16,104,401070767,Wizards,0,2018-10-28
56-103,16-29,8-13,14,43,57,35,7,9,14,25,136,401070767,Clippers,1,2018-10-28
35-74,7-20,33-43,6,32,38,18,6,7,24,26,110,401070784,Clippers,0,2018-10-30
48-94,9-17,23-32,9,32,41,19,16,6,15,35,128,401070784,Thunder,1,2018-10-30
38-86,9-23,28-33,8,34,42,19,6,7,18,28,113,401070794,Clippers,0,2018-11-01
44-93,13-27,21-28,10,33,43,29,7,7,14,30,122,401070794,76ers,1,2018-11-01
41-86,13-26,25-33,10,40,50,22,5,3,13,23,120,401070798,Clippers,0,2018-11-02
40-90,4-17,11-19,8,32,40,20,7,4,10,24,95,401070798,Magic,1,2018-11-02
40-85,5-21,24-30,8,30,38,20,9,8,11,23,109,401070829,Timberwolves,0,2018-11-05
43-88,14-31,20-22,13,30,43,30,5,4,12,27,120,401070829,Clippers,1,2018-11-05
41-89,8-23,15-20,7,34,41,19,2,10,7,22,105,401070846,Clippers,0,2018-11-08
40-97,10-26,26-28,14,39,53,18,4,8,6,20,116,401070846,Trail Blazers,1,2018-11-08
47-105,16-46,16-23,15,37,52,31,11,8,17,26,126,401070856,Bucks,0,2018-11-10
46-99,14-34,22-27,10,44,54,26,6,6,17,19,128,401070856,Clippers,1,2018-11-10
41-102,9-29,20-25,15,30,45,19,7,6,5,24,111,401070896,Spurs,0,2018-11-15
40-85,8-23,28-35,9,41,50,23,2,3,12,25,116,401070896,Clippers,1,2018-11-15
46-89,11-27,15-18,7,37,44,20,6,4,17,28,118,401070930,Clippers,0,2018-11-20
40-93,13-39,32-39,11,33,44,27,11,8,7,20,125,401070930,Wizards,1,2018-11-20
42-92,9-27,14-18,6,41,47,29,6,7,16,29,107,401070947,Grizzlies,0,2018-11-23
40-94,8-23,24-27,8,40,48,26,6,5,11,23,112,401070947,Clippers,1,2018-11-23
38-90,5-25,23-34,11,37,48,15,9,5,4,13,104,401070974,Clippers,0,2018-11-25
42-97,8-38,8-10,16,42,58,18,2,5,12,24,100,401070974,Trail Blazers,1,2018-11-25
39-89,8-26,13-18,7,27,34,20,17,6,16,24,99,401070996,Suns,0,2018-11-28
40-86,11-21,24-32,18,38,56,21,6,7,21,17,115,401070996,Clippers,1,2018-11-28
50-90,12-28,21-28,8,30,38,25,7,5,9,21,133,401070999,Clippers,0,2018-11-29
46-96,7-24,22-26,16,32,48,26,4,2,11,25,121,401070999,Kings,1,2018-11-29
49-83,8-20,23-30,7,32,39,29,4,1,12,21,129,401071030,Clippers,0,2018-12-03
49-92,13-34,15-22,10,25,35,32,10,5,7,24,126,401071030,Pelicans,1,2018-12-03
25-74,8-23,28-35,11,36,47,16,9,4,18,21,86,401071041,Clippers,0,2018-12-05
37-85,7-28,15-24,11,38,49,18,9,6,15,27,96,401071041,Grizzlies,1,2018-12-05
40-92,13-39,28-39,14,43,57,27,9,6,11,24,121,401071067,Heat,0,2018-12-08
33-89,7-29,25-31,13,36,49,16,5,8,16,26,98,401071067,Clippers,1,2018-12-08
45-85,7-21,26-33,10,32,42,27,8,4,18,21,123,401071080,Clippers,0,2018-12-10
47-94,9-25,16-20,10,30,40,31,14,8,15,29,119,401071080,Suns,1,2018-12-10
50-96,14-29,9-12,10,33,43,34,8,6,7,22,123,401071085,Raptors,0,2018-12-11
38-86,7-25,16-19,12,32,44,25,2,5,15,16,99,401071085,Clippers,1,2018-12-11
30-84,10-31,17-24,13,29,42,21,4,1,17,18,87,401071098,Clippers,0,2018-12-13
48-83,10-22,19-24,8,39,47,25,10,7,11,20,125,401071098,Spurs,1,2018-12-13
38-75,13-25,15-22,6,38,44,18,7,4,26,22,104,401071115,Clippers,0,2018-12-15
42-90,9-22,17-24,9,31,40,26,13,7,11,20,110,401071115,Thunder,1,2018-12-15
47-86,10-20,27-31,6,27,33,26,5,4,11,32,131,401071131,Trail Blazers,0,2018-12-17
42-83,10-27,33-39,8,29,37,27,5,1,10,23,127,401071131,Clippers,1,2018-12-17
49-104,10-30,10-15,12,31,43,26,8,10,13,21,118,401071187,Kings,0,2018-12-26
48-96,12-28,19-23,14,36,50,23,7,6,12,20,127,401071187,Clippers,1,2018-12-26
40-91,6-19,32-34,7,46,53,21,10,4,12,29,118,401071202,Clippers,0,2018-12-28
36-87,11-30,24-35,8,42,50,23,5,2,17,22,107,401071202,Lakers,1,2018-12-28
44-87,6-23,28-31,8,41,49,27,10,4,15,25,122,401071211,Spurs,0,2018-12-29
36-82,9-20,30-38,7,33,40,22,9,2,17,25,111,401071211,Clippers,1,2018-12-29
42-87,12-26,23-33,17,38,55,25,7,7,20,28,119,401071229,76ers,0,2019-01-01
42-91,5-25,24-34,12,29,41,18,12,0,13,29,113,401071229,Clippers,1,2019-01-01
43-84,10-24,25-32,16,27,43,31,12,7,20,27,121,401071249,Clippers,0,2019-01-04
41-77,9-19,20-27,7,18,25,24,13,9,17,26,111,401071249,Suns,1,2019-01-04
33-89,9-31,21-29,13,41,54,24,6,7,12,18,96,401071262,Magic,0,2019-01-06
40-93,8-22,18-23,11,42,53,20,5,5,7,21,106,401071262,Clippers,1,2019-01-06
45-93,7-30,22-29,8,38,46,23,10,6,15,26,119,401070218,Lakers,0,2018-10-18
44-100,13-37,27-29,14,40,54,21,9,10,16,26,128,401070218,Trail Blazers,1,2018-10-18
50-97,15-28,28-38,10,37,47,32,9,3,9,26,143,401070729,Spurs,0,2018-10-22
55-107,14-39,18-26,13,39,52,33,5,6,15,29,142,401070729,Lakers,1,2018-10-22
52-100,10-28,17-23,11,32,43,34,13,5,8,19,131,401070741,Lakers,0,2018-10-24
44-84,10-31,15-21,9,35,44,27,4,4,19,23,113,401070741,Suns,1,2018-10-24
41-86,13-33,11-18,7,35,42,19,5,5,17,25,106,401070763,Lakers,0,2018-10-27
44-91,3-16,19-24,12,37,49,20,7,5,13,17,110,401070763,Spurs,1,2018-10-27
49-104,12-33,10-15,17,31,48,24,8,8,18,24,120,401070774,Lakers,0,2018-10-29
42-98,14-29,26-30,20,31,51,26,11,12,14,14,124,401070774,Timberwolves,1,2018-10-29
45-86,8-21,16-25,9,41,50,20,9,11,20,22,114,401070813,Lakers,0,2018-11-03
44-104,6-35,16-22,16,34,50,20,10,5,14,21,110,401070813,Trail Blazers,1,2018-11-03
49-98,10-35,13-14,13,36,49,32,9,4,12,24,121,401070820,Raptors,0,2018-11-04
39-85,6-24,23-29,6,32,38,25,6,4,16,18,107,401070820,Lakers,1,2018-11-04
41-91,20-40,8-9,11,29,40,22,10,5,15,17,110,401070843,Timberwolves,0,2018-11-07
44-91,15-34,11-14,12,35,47,32,6,4,16,14,114,401070843,Lakers,1,2018-11-07
41-99,12-38,7-17,17,42,59,23,11,3,14,20,101,401070864,Lakers,0,2018-11-10
32-92,6-25,16-20,13,37,50,11,7,5,19,20,86,401070864,Kings,1,2018-11-10
41-93,14-33,21-23,11,36,47,24,8,10,14,21,117,401070893,Trail Blazers,0,2018-11-14
44-93,15-32,23-26,11,37,48,25,11,6,13,18,126,401070893,Lakers,1,2018-11-14
43-90,10-30,21-25,8,33,41,22,5,6,14,20,117,401070908,Lakers,0,2018-11-17
50-93,11-32,19-23,11,30,41,28,5,8,13,23,130,401070908,Magic,1,2018-11-17
42-95,11-27,18-21,14,36,50,16,7,5,9,19,113,401070916,Lakers,0,2018-11-18
35-87,13-32,14-19,12,36,48,20,3,5,12,21,97,401070916,Heat,1,2018-11-18
33-85,4-23,13-17,7,34,41,22,12,3,19,21,83,401070959,Jazz,0,2018-11-23
36-79,7-23,11-18,5,42,47,10,11,5,23,20,90,401070959,Lakers,1,2018-11-23
42-93,11-31,13-14,9,36,45,31,8,5,13,22,108,401070967,Magic,0,2018-11-25
37-79,10-26,20-31,5,37,42,22,9,10,18,17,104,401070967,Lakers,1,2018-11-25
37-93,13-33,9-11,7,33,40,24,12,8,15,22,96,401071018,Suns,0,2018-12-02
46-92,11-27,17-23,11,45,56,26,9,4,19,15,120,401071018,Lakers,1,2018-12-02
43-96,7-27,20-20,11,38,49,18,8,2,10,24,113,401071045,Spurs,0,2018-12-05
42-88,14-39,23-33,6,36,42,21,6,3,12,18,121,401071045,Lakers,1,2018-12-05
46-100,11-36,17-21,10,33,43,24,8,1,8,24,120,401071056,Lakers,0,2018-12-07
46-91,13-31,28-33,9,39,48,27,4,7,10,18,133,401071056,Spurs,1,2018-12-07
43-97,16-40,9-12,19,38,57,27,11,6,18,22,111,401071065,Lakers,0,2018-12-08
34-84,6-30,14-18,9,27,36,17,13,7,15,19,88,401071065,Grizzlies,1,2018-12-08
42-94,11-34,10-13,14,36,50,29,9,7,17,19,105,401071082,Heat,0,2018-12-10
41-90,14-32,12-20,12,34,46,24,9,7,12,10,108,401071082,Lakers,1,2018-12-10
44-91,11-36,11-18,8,35,43,24,10,6,22,13,110,401071120,Lakers,0,2018-12-16
54-106,13-31,7-10,15,36,51,30,14,5,17,13,128,401071120,Wizards,1,2018-12-16
44-102,8-27,8-16,14,39,53,27,8,6,12,24,104,401071159,Pelicans,0,2018-12-21
43-92,8-32,18-25,8,40,48,28,7,4,12,17,112,401071159,Lakers,1,2018-12-21
42-90,14-26,9-14,9,34,43,24,9,7,9,20,107,401071177,Grizzlies,0,2018-12-23
37-75,10-30,15-22,6,35,41,27,6,8,16,16,99,401071177,Lakers,1,2018-12-23
45-88,10-25,16-23,9,37,46,25,7,5,17,19,116,401071190,Lakers,0,2018-12-27
45-101,10-29,17-21,16,32,48,25,10,5,14,20,117,401071190,Kings,1,2018-12-27
46-95,13-34,9-12,9,36,45,24,8,5,13,23,114,401071217,Kings,0,2018-12-30
47-98,15-44,12-20,12,38,50,30,7,5,14,17,121,401071217,Lakers,1,2018-12-30
40-105,7-31,20-31,17,47,64,22,8,5,11,24,107,401071238,Thunder,0,2019-01-02
37-89,7-27,19-32,8,46,54,24,8,9,17,26,100,401071238,Lakers,1,2019-01-02
37-99,11-37,34-41,13,43,56,20,12,4,6,20,119,401071250,Knicks,0,2019-01-04
43-98,11-37,15-20,12,43,55,23,4,7,16,27,112,401071250,Lakers,1,2019-01-04
32-87,5-22,17-28,12,36,48,20,6,4,21,20,86,401071261,Lakers,0,2019-01-06
41-89,11-32,15-21,8,42,50,24,10,9,14,27,108,401071261,Timberwolves,1,2019-01-06
31-84,9-28,21-26,7,36,43,18,10,2,10,22,92,401070726,Grizzlies,0,2018-10-22
29-82,8-32,18-23,10,40,50,18,6,6,15,22,84,401070726,Jazz,1,2018-10-22
36-94,10-37,10-13,13,36,49,18,7,6,15,25,92,401070742,Grizzlies,0,2018-10-24
35-83,6-18,21-33,15,42,57,19,7,5,14,15,97,401070742,Kings,1,2018-10-24
36-78,9-33,15-19,5,30,35,28,5,1,19,25,96,401070761,Suns,0,2018-10-27
44-79,9-26,20-22,3,36,39,30,12,1,12,21,117,401070761,Grizzlies,1,2018-10-27
32-74,14-35,17-20,5,32,37,24,9,7,20,22,95,401070783,Wizards,0,2018-10-30
36-74,13-28,22-31,6,32,38,28,16,3,15,20,107,401070783,Grizzlies,1,2018-10-30
38-75,13-26,21-34,9,30,39,23,9,3,11,29,110,401070803,Grizzlies,0,2018-11-02
36-77,14-36,14-25,10,29,39,21,3,5,14,25,100,401070803,Jazz,1,2018-11-02
36-76,7-23,21-29,9,21,30,19,13,3,13,21,100,401070818,Grizzlies,0,2018-11-04
33-64,14-32,22-26,5,32,37,25,7,3,24,27,102,401070818,Suns,1,2018-11-04
44-85,8-31,10-16,8,40,48,27,10,6,23,20,106,401070860,76ers,0,2018-11-10
45-103,11-30,11-15,15,30,45,16,9,3,11,18,112,401070860,Grizzlies,1,2018-11-10
32-82,9-32,23-30,13,36,49,19,7,6,15,25,96,401070875,Jazz,0,2018-11-12
33-79,4-24,18-23,8,34,42,19,7,9,16,28,88,401070875,Grizzlies,1,2018-11-12
42-83,14-36,18-24,4,30,34,24,8,4,12,20,116,401070888,Grizzlies,0,2018-11-14
41-81,9-35,22-27,9,35,44,22,5,8,16,22,113,401070888,Bucks,1,2018-11-14
37-80,12-33,18-24,9,33,42,23,9,2,21,24,104,401070901,Kings,0,2018-11-16
43-85,11-25,15-24,9,31,40,24,11,5,13,23,112,401070901,Grizzlies,1,2018-11-16
35-82,12-28,18-25,10,33,43,26,11,9,12,20,100,401070915,Grizzlies,0,2018-11-18
31-80,12-29,13-16,10,39,49,20,8,3,20,20,87,401070915,Timberwolves,1,2018-11-18
39-81,8-25,18-21,4,36,40,21,4,7,9,25,104,401070943,Grizzlies,0,2018-11-21
35-82,7-22,26-30,10,33,43,21,4,5,8,20,103,401070943,Spurs,1,2018-11-21
34-91,8-22,27-32,14,42,56,17,4,5,7,21,103,401070972,Knicks,0,2018-11-25
38-86,11-30,11-19,6,35,41,27,5,19,7,23,98,401070972,Grizzlies,1,2018-11-25
42-69,18-33,20-28,4,27,31,25,5,5,15,18,122,401070984,Raptors,0,2018-11-27
43-85,10-29,18-21,11,24,35,27,9,5,13,23,114,401070984,Grizzlies,1,2018-11-27
33-79,11-28,18-23,3,32,35,19,7,7,14,24,95,401071021,Grizzlies,0,2018-12-02
36-74,8-22,23-30,3,41,44,22,5,2,16,20,103,401071021,76ers,1,2018-12-02
39-83,8-19,21-28,10,32,42,30,10,7,11,25,107,401071055,Grizzlies,0,2018-12-07
38-84,7-29,20-24,10,32,42,25,5,5,18,25,103,401071055,Pelicans,1,2018-12-07
32-87,6-22,13-16,4,40,44,15,11,9,14,19,83,401071091,Trail Blazers,0,2018-12-12
34-82,8-24,16-24,9,42,51,19,9,10,12,22,92,401071091,Grizzlies,1,2018-12-12
36-82,15-39,13-18,14,36,50,30,3,8,16,20,100,401071106,Heat,0,2018-12-14
35-83,8-29,19-25,10,24,34,21,9,5,7,18,97,401071106,Grizzlies,1,2018-12-14
33-78,9-27,17-19,11,25,36,22,12,10,14,21,92,401071146,Grizzlies,0,2018-12-19
35-75,11-26,18-20,12,31,43,16,9,4,21,23,99,401071146,Trail Blazers,1,2018-12-19
37-80,16-32,9-10,8,36,44,24,7,8,18,25,99,401071158,Grizzlies,0,2018-12-21
33-88,15-41,21-29,12,30,42,25,10,5,10,15,102,401071158,Kings,1,2018-12-21
31-82,11-28,15-19,8,34,42,21,12,3,20,29,88,401071257,Grizzlies,0,2019-01-05
36-73,7-22,29-35,3,40,43,26,10,3,15,19,108,401071257,Spurs,1,2019-01-05
35-78,10-30,15-18,6,30,36,28,5,7,18,23,95,401071271,Grizzlies,0,2019-01-07
44-79,6-17,20-29,5,35,40,27,13,4,14,18,114,401071271,Pelicans,1,2019-01-07
30-83,11-27,15-23,8,45,53,14,4,2,13,19,86,401071287,Spurs,0,2019-01-09
37-90,8-33,14-20,9,43,52,22,6,8,9,22,96,401071287,Grizzlies,1,2019-01-09
38-97,9-33,16-22,14,38,52,16,4,5,16,28,101,401070696,Heat,0,2018-10-17
39-94,7-25,19-31,14,37,51,20,7,7,12,25,104,401070696,Magic,1,2018-10-17
38-97,12-35,25-34,22,33,55,25,6,5,16,26,113,401070702,Heat,0,2018-10-18
38-81,7-26,29-39,7,33,40,19,7,15,14,31,112,401070702,Wizards,1,2018-10-18
33-91,12-33,9-14,10,35,45,20,5,3,12,23,87,401070735,Knicks,0,2018-10-24
39-82,13-29,19-28,4,47,51,24,7,5,13,15,110,401070735,Heat,1,2018-10-24
37-88,12-33,25-28,8,34,42,14,7,8,9,25,111,401070760,Trail Blazers,0,2018-10-27
44-96,15-39,17-26,16,40,56,21,7,8,12,21,120,401070760,Heat,1,2018-10-27
48-97,12-26,15-25,9,37,46,28,8,8,12,23,123,401070770,Kings,0,2018-10-29
38-92,13-39,24-34,13,39,52,20,10,9,18,21,113,401070770,Heat,1,2018-10-29
31-94,13-32,13-14,12,37,49,19,8,5,12,19,88,401070837,Spurs,0,2018-11-07
36-93,10-32,13-18,14,46,60,21,8,11,13,17,95,401070837,Heat,1,2018-11-07
40-83,8-22,28-38,17,31,48,14,8,5,15,25,116,401070858,Wizards,0,2018-11-10
39-88,12-33,20-26,14,24,38,25,5,5,19,31,110,401070858,Heat,1,2018-11-10
39-83,15-36,31-39,10,32,42,24,5,0,9,24,124,401070872,76ers,0,2018-11-12
37-77,13-31,27-33,8,32,40,19,5,6,15,30,114,401070872,Heat,1,2018-11-12
39-95,15-36,22-32,17,29,46,21,6,5,7,22,115,401070971,Heat,0,2018-11-25
47-90,11-35,20-25,11,36,47,25,4,7,9,21,125,401070971,Raptors,1,2018-11-25
35-82,6-28,25-29,11,35,46,25,4,8,16,22,101,401071005,Pelicans,0,2018-11-30
40-93,11-33,15-24,13,33,46,22,10,4,10,24,106,401071005,Heat,1,2018-11-30
39-89,11-33,11-15,10,40,50,21,8,6,13,18,100,401071020,Jazz,0,2018-12-02
36-91,13-31,17-24,14,36,50,20,8,8,13,16,102,401071020,Heat,1,2018-12-02
38-86,14-28,15-20,11,32,43,22,5,4,11,13,105,401071032,Magic,0,2018-12-04
38-91,12-35,2-5,16,31,47,19,7,11,15,19,90,401071032,Heat,1,2018-12-04
42-86,15-37,16-18,6,34,40,32,10,5,12,16,115,401071057,Heat,0,2018-12-07
36-79,14-34,12-16,4,38,42,27,7,4,20,21,98,401071057,Suns,1,2018-12-07
29-77,12-33,14-24,2,28,30,16,10,2,13,22,84,401071094,Heat,0,2018-12-12
40-76,16-32,15-21,7,45,52,29,6,4,17,19,111,401071094,Jazz,1,2018-12-12
38-91,10-35,16-23,22,35,57,22,6,4,18,21,102,401071122,Heat,0,2018-12-16
35-86,13-36,13-17,11,27,38,26,12,5,10,22,96,401071122,Pelicans,1,2018-12-16
31-84,9-43,16-22,6,42,48,20,6,9,15,19,87,401071163,Bucks,0,2018-12-22
34-89,10-32,16-23,11,46,57,22,9,3,12,18,94,401071163,Heat,1,2018-12-22
43-85,16-31,13-19,9,30,39,27,11,3,11,26,115,401071172,Heat,0,2018-12-23
29-70,10-28,23-32,12,28,40,15,4,5,19,19,91,401071172,Magic,1,2018-12-23
37-79,13-30,19-23,10,33,43,19,8,2,16,16,106,401071182,Raptors,0,2018-12-26
43-83,12-29,6-12,6,29,35,28,10,6,12,17,104,401071182,Heat,1,2018-12-26
38-94,8-24,29-36,17,32,49,24,11,10,10,22,113,401071213,Timberwolves,0,2018-12-30
37-90,8-24,22-28,17,35,52,19,8,6,19,28,104,401071213,Heat,1,2018-12-30
42-98,10-36,15-19,10,31,41,24,8,2,10,18,109,401071244,Wizards,0,2019-01-04
44-91,9-29,18-25,11,37,48,28,7,6,16,18,115,401071244,Heat,1,2019-01-04
45-99,10-29,13-15,11,32,43,22,6,2,11,21,113,401070723,Knicks,0,2018-10-22
45-96,17-40,17-24,19,36,55,27,5,9,14,18,124,401070723,Bucks,1,2018-10-22
38-92,11-34,21-30,8,42,50,29,4,5,16,27,108,401070740,76ers,0,2018-10-24
41-100,13-43,28-30,9,42,51,24,7,10,11,27,123,401070740,Bucks,1,2018-10-24
49-92,19-46,8-11,7,55,62,32,4,8,17,23,125,401070752,Bucks,0,2018-10-26
36-112,10-43,13-18,17,32,49,19,10,6,7,15,95,401070752,Timberwolves,1,2018-10-26
33-101,10-43,15-17,11,30,41,21,9,6,11,22,91,401070762,Magic,0,2018-10-27
41-82,10-30,21-23,6,51,57,24,6,7,21,19,113,401070762,Bucks,1,2018-10-27
39-103,9-45,22-28,15,36,51,25,9,7,10,19,109,401070773,Raptors,0,2018-10-29
45-92,19-45,15-19,8,49,57,28,5,4,17,21,124,401070773,Bucks,1,2018-10-29
42-95,14-36,11-22,8,36,44,24,6,4,15,26,109,401070814,Kings,0,2018-11-04
46-95,22-56,30-33,10,46,56,30,6,7,12,20,144,401070814,Bucks,1,2018-11-04
40-92,16-42,7-8,12,30,42,26,2,1,11,16,103,401070833,Bucks,0,2018-11-06
48-91,17-43,5-8,11,40,51,23,7,3,12,17,118,401070833,Trail Blazers,1,2018-11-06
34-93,9-41,23-28,10,30,40,13,8,6,17,20,100,401070940,Trail Blazers,0,2018-11-21
57-108,15-45,14-17,13,46,59,34,8,2,14,23,143,401070940,Bucks,1,2018-11-21
45-90,9-26,17-22,6,34,40,21,8,4,11,25,116,401070956,Suns,0,2018-11-23
42-87,10-44,20-30,7,36,43,30,6,7,14,17,114,401070956,Bucks,1,2018-11-23
49-92,10-21,21-28,9,30,39,27,8,3,10,21,129,401070965,Spurs,0,2018-11-24
49-86,15-40,22-29,6,35,41,30,7,3,13,22,135,401070965,Bucks,1,2018-11-24
46-94,18-42,24-31,10,41,51,28,11,4,16,25,134,401071011,Bucks,0,2018-12-01
51-96,20-34,14-21,6,35,41,30,5,2,16,23,136,401071011,Knicks,1,2018-12-01
36-87,15-39,17-20,9,36,45,22,6,7,11,13,104,401071069,Bucks,0,2018-12-09
39-94,15-44,6-7,11,34,45,24,6,11,11,21,99,401071069,Raptors,1,2018-12-09
43-92,19-42,10-15,7,34,41,28,6,7,15,22,115,401071143,Pelicans,0,2018-12-19
43-85,13-33,24-30,9,39,48,26,11,3,14,18,123,401071143,Bucks,1,2018-12-19
40-89,6-32,23-34,6,45,51,22,9,8,8,19,109,401070233,Bucks,0,2018-12-25
35-97,8-29,17-21,15,42,57,17,4,3,14,25,95,401070233,Knicks,1,2018-12-25
36-97,13-31,11-16,10,33,43,21,8,6,10,20,96,401071189,Knicks,0,2018-12-27
42-93,11-32,17-21,11,46,57,20,4,11,15,14,112,401071189,Bucks,1,2018-12-27
42-82,14-31,25-31,4,34,38,28,9,6,11,22,123,401071256,Raptors,0,2019-01-05
40-81,14-37,22-27,4,34,38,29,9,2,14,20,116,401071256,Bucks,1,2019-01-05
36-86,14-37,16-23,11,35,46,20,6,6,15,21,102,401071270,Jazz,0,2019-01-07
46-98,9-25,13-16,10,36,46,27,10,6,10,19,114,401071270,Bucks,1,2019-01-07
39-91,6-19,24-27,14,32,46,20,9,2,11,27,108,401070699,Timberwolves,0,2018-10-17
40-93,11-25,21-29,19,33,52,22,3,4,12,22,112,401070699,Spurs,1,2018-10-17
40-96,15-30,10-16,16,28,44,25,10,5,15,17,105,401070736,Timberwolves,0,2018-10-24
46-89,11-32,9-12,11,33,44,26,9,8,16,18,112,401070736,Raptors,1,2018-10-24
47-97,13-30,18-30,20,28,48,25,9,5,14,22,125,401070788,Jazz,0,2018-10-31
50-86,12-25,16-24,7,34,41,19,10,8,15,28,128,401070788,Timberwolves,1,2018-10-31
29-93,7-30,16-21,13,25,38,18,9,4,11,21,81,401070819,Timberwolves,0,2018-11-04
38-86,7-28,28-32,17,49,66,15,7,1,16,20,111,401070819,Trail Blazers,1,2018-11-04
39-94,7-25,25-31,15,37,52,20,6,1,17,23,110,401070854,Timberwolves,0,2018-11-09
43-95,12-32,23-29,12,37,49,25,7,6,12,29,121,401070854,Kings,1,2018-11-09
40-94,9-28,11-18,10,36,46,25,7,6,18,21,100,401070889,Pelicans,0,2018-11-14
37-90,14-32,19-24,11,36,47,29,14,6,15,22,107,401070889,Timberwolves,1,2018-11-14
37-88,8-29,14-20,11,37,48,16,6,1,18,14,96,401070902,Trail Blazers,0,2018-11-16
46-92,12-28,8-11,9,34,43,28,11,4,12,16,112,401070902,Timberwolves,1,2018-11-16
34-87,8-27,13-13,12,34,46,23,1,8,18,17,89,401070992,Spurs,0,2018-11-28
50-99,18-41,10-15,13,35,48,33,12,6,8,18,128,401070992,Timberwolves,1,2018-11-28
40-91,7-16,18-22,10,30,40,25,12,7,12,23,105,401071066,Timberwolves,0,2018-12-08
39-83,10-33,25-30,14,39,53,23,10,9,19,20,113,401071066,Trail Blazers,1,2018-12-08
50-93,9-22,21-27,12,27,39,30,4,4,11,24,130,401071095,Timberwolves,0,2018-12-12
50-86,19-38,22-32,9,29,38,34,3,6,10,21,141,401071095,Kings,1,2018-12-12
39-96,7-35,14-19,11,30,41,26,10,4,11,19,99,401071116,Timberwolves,0,2018-12-15
41-90,9-28,16-20,11,40,51,30,6,7,15,22,107,401071116,Suns,1,2018-12-15
38-90,14-38,15-23,6,32,38,20,5,4,15,27,105,401071127,Kings,0,2018-12-17
48-96,10-27,26-30,11,47,58,37,10,7,11,24,132,401071127,Timberwolves,1,2018-12-17
33-83,6-21,26-31,9,30,39,19,11,5,12,19,98,401071156,Timberwolves,0,2018-12-21
46-87,19-33,13-18,11,39,50,36,7,3,16,22,124,401071156,Spurs,1,2018-12-21
41-83,14-27,18-27,6,34,40,25,9,5,15,23,114,401071174,Timberwolves,0,2018-12-23
43-90,9-25,17-22,9,36,45,17,4,10,13,27,112,401071174,Thunder,1,2018-12-23
43-93,9-28,19-23,12,27,39,29,10,9,7,18,114,401071222,Timberwolves,0,2018-12-31
45-87,14-25,19-21,11,33,44,28,3,2,15,21,123,401071222,Pelicans,1,2018-12-31
42-88,9-27,10-19,5,30,35,28,7,7,11,20,103,401071247,Magic,0,2019-01-04
47-91,9-26,17-23,10,44,54,29,6,2,11,20,120,401071247,Timberwolves,1,2019-01-04
38-90,11-31,32-40,15,27,42,25,9,4,10,23,119,401071279,Timberwolves,0,2019-01-08
43-85,12-30,19-26,10,33,43,22,4,5,16,30,117,401071279,Thunder,1,2019-01-08
50-96,10-25,19-26,9,30,39,24,6,2,13,26,129,401070707,Kings,0,2018-10-19
56-95,16-31,21-33,12,40,52,35,6,4,16,25,149,401070707,Pelicans,1,2018-10-19
46-88,10-32,30-37,6,37,43,32,7,7,13,26,132,401070756,Jazz,0,2018-10-27
40-95,9-34,22-29,11,29,40,22,4,5,16,32,111,401070756,Pelicans,1,2018-10-27
40-94,8-29,31-37,14,30,44,23,7,3,12,24,119,401070797,Pelicans,0,2018-11-01
44-87,18-35,26-31,8,38,46,26,4,4,14,30,132,401070797,Trail Blazers,1,2018-11-01
36-77,6-21,17-30,6,42,48,22,3,8,16,21,95,401070811,Pelicans,0,2018-11-03
45-96,8-23,11-14,8,35,43,29,8,4,9,21,109,401070811,Spurs,1,2018-11-03
41-84,9-29,25-30,11,34,45,27,8,5,20,26,116,401070825,Pelicans,0,2018-11-05
45-93,10-27,22-31,9,32,41,26,15,3,12,23,122,401070825,Thunder,1,2018-11-05
35-86,10-36,19-20,10,27,37,16,10,7,14,27,99,401070857,Suns,0,2018-11-10
42-86,11-25,24-29,16,38,54,28,7,7,18,18,119,401070857,Pelicans,1,2018-11-10
54-99,10-27,8-13,14,40,54,30,2,4,13,20,126,401070873,Pelicans,0,2018-11-12
39-97,13-45,19-22,13,30,43,22,9,5,10,20,110,401070873,Raptors,1,2018-11-12
48-98,11-34,17-24,12,32,44,15,10,6,13,31,124,401070903,Knicks,0,2018-11-16
48-99,10-34,23-32,11,43,54,27,5,5,15,25,129,401070903,Pelicans,1,2018-11-16
45-94,12-24,24-30,18,26,44,22,7,0,15,20,126,401070927,Spurs,0,2018-11-19
59-102,10-26,12-14,14,28,42,34,10,5,10,23,140,401070927,Pelicans,1,2018-11-19
42-98,11-30,25-33,20,34,54,24,8,8,15,21,120,401070934,Pelicans,0,2018-11-21
44-98,10-29,23-26,11,36,47,27,7,7,16,26,121,401070934,76ers,1,2018-11-21
40-101,7-28,22-29,20,35,55,26,5,5,14,22,109,401070950,Pelicans,0,2018-11-23
41-91,12-33,20-27,12,34,46,22,9,10,8,26,114,401070950,Knicks,1,2018-11-23
43-90,11-31,17-21,7,36,43,23,10,3,16,21,114,401070961,Pelicans,0,2018-11-24
51-90,10-29,12-23,5,40,45,30,12,9,14,16,124,401070961,Wizards,1,2018-11-24
41-95,13-39,9-16,12,26,38,26,12,2,16,22,104,401070993,Wizards,0,2018-11-28
46-95,11-36,22-28,17,47,64,24,10,5,20,20,125,401070993,Pelicans,1,2018-11-28
42-87,13-43,17-27,9,30,39,23,10,6,18,27,114,401071092,Thunder,0,2018-12-12
45-97,4-18,24-30,17,39,56,29,14,3,17,27,118,401071092,Pelicans,1,2018-12-12
44-94,6-26,23-28,12,46,58,26,6,9,12,29,117,401071173,Pelicans,0,2018-12-23
42-100,14-31,24-33,12,38,50,26,9,4,9,21,122,401071173,Kings,1,2018-12-23
39-93,5-27,12-16,15,36,51,19,5,5,18,28,95,401070816,Knicks,0,2018-11-04
36-83,6-26,30-39,15,32,47,21,12,11,13,18,108,401070816,Wizards,1,2018-11-04
44-96,6-22,18-22,16,31,47,18,12,6,14,26,112,401070855,Knicks,0,2018-11-10
42-79,14-35,30-40,12,34,46,24,8,4,15,20,128,401070855,Raptors,1,2018-11-10
44-98,17-42,10-11,10,42,52,31,10,9,11,21,115,401070867,Magic,0,2018-11-11
31-88,5-28,22-30,13,41,54,13,4,15,19,21,89,401070867,Knicks,1,2018-11-11
39-88,7-26,18-23,9,27,36,18,8,8,18,17,103,401070890,Knicks,0,2018-11-14
51-95,16-33,10-12,13,34,47,32,11,7,16,21,128,401070890,Thunder,1,2018-11-14
40-87,8-24,29-35,17,25,42,12,7,2,14,26,117,401070917,Knicks,0,2018-11-18
48-84,13-32,22-26,7,28,35,35,5,6,15,26,131,401070917,Magic,1,2018-11-18
45-95,16-35,12-17,14,29,43,25,8,4,11,19,118,401070932,Trail Blazers,0,2018-11-20
42-83,13-29,17-22,10,32,42,22,8,5,15,15,114,401070932,Knicks,1,2018-11-20
32-92,6-29,21-22,11,30,41,14,11,5,13,21,91,401070988,Knicks,0,2018-11-28
47-87,12-25,11-16,8,42,50,34,7,5,16,19,117,401070988,76ers,1,2018-11-28
44-92,13-32,9-12,8,30,38,30,7,8,10,24,110,401071027,Wizards,0,2018-12-03
37-90,12-34,21-28,19,36,55,20,4,5,16,14,107,401071027,Knicks,1,2018-12-03
48-92,9-27,23-27,4,40,44,27,8,5,7,20,128,401071125,Suns,0,2018-12-17
40-99,9-35,21-29,16,34,50,15,5,0,11,21,110,401071125,Knicks,1,2018-12-17
37-86,10-31,25-31,4,31,35,22,2,2,8,19,109,401071138,Knicks,0,2018-12-19
47-88,15-30,22-25,9,42,51,31,6,4,9,22,131,401071138,76ers,1,2018-12-19
32-86,15-32,18-22,8,27,35,17,10,1,15,19,97,401071208,Knicks,0,2018-12-29
51-93,16-36,11-14,15,45,60,30,8,6,17,27,129,401071208,Jazz,1,2018-12-29
36-89,7-23,22-27,14,34,48,18,9,2,11,19,101,401071273,Knicks,0,2019-01-07
40-85,11-31,20-29,12,39,51,25,7,5,14,21,111,401071273,Trail Blazers,1,2019-01-07
50-91,10-22,21-28,12,34,46,28,11,7,17,26,131,401070719,Kings,0,2018-10-21
46-104,9-39,19-30,18,33,51,23,11,9,18,29,120,401070719,Thunder,1,2018-10-21
38-86,8-27,26-27,10,34,44,21,10,3,22,32,110,401070766,Suns,0,2018-10-28
43-85,7-24,24-35,9,34,43,22,16,3,15,24,117,401070766,Thunder,1,2018-10-28
49-86,15-32,21-26,7,31,38,34,13,5,13,20,134,401070800,Thunder,0,2018-11-02
44-86,9-30,14-18,6,24,30,27,6,4,18,21,111,401070800,Wizards,1,2018-11-02
39-81,7-26,16-19,10,27,37,25,5,5,18,21,101,401070877,Suns,0,2018-11-12
43-92,13-27,19-20,12,30,42,23,12,6,13,15,118,401070877,Thunder,1,2018-11-12
38-85,7-24,27-32,14,38,52,17,9,7,18,20,110,401070914,Thunder,0,2018-11-17
37-82,12-29,14-21,4,27,31,25,14,6,14,28,100,401070914,Suns,1,2018-11-17
45-108,12-41,11-16,13,40,53,22,8,3,13,22,113,401070928,Thunder,0,2018-11-19
45-102,16-38,11-17,14,45,59,29,7,4,15,18,117,401070928,Kings,1,2018-11-19
43-84,8-29,19-30,11,34,45,30,11,4,20,28,113,401071077,Jazz,0,2018-12-10
43-85,8-21,28-39,12,31,43,25,12,2,17,26,122,401071077,Thunder,1,2018-12-10
51-102,13-32,17-27,18,48,66,27,8,6,17,24,132,401071147,Thunder,0,2018-12-19
39-93,13-34,22-33,10,33,43,28,7,5,13,18,113,401071147,Kings,1,2018-12-19
42-89,9-25,14-22,8,43,51,19,11,5,17,21,107,401071166,Thunder,0,2018-12-22
42-93,11-34,11-18,10,34,44,35,12,4,13,19,106,401071166,Jazz,1,2018-12-22
51-95,7-20,9-13,11,38,49,22,12,4,16,13,118,401071201,Thunder,0,2018-12-28
39-90,9-29,15-16,7,27,34,22,12,7,17,18,102,401071201,Suns,1,2018-12-28
40-94,8-25,23-26,11,38,49,18,9,6,10,21,111,401071251,Thunder,0,2019-01-04
41-95,9-31,18-21,11,39,50,30,6,5,12,17,109,401071251,Trail Blazers,1,2019-01-04
44-101,10-37,18-22,16,39,55,25,8,8,9,16,116,401071264,Wizards,0,2019-01-06
38-88,10-25,12-19,7,34,41,22,8,3,14,17,98,401071264,Thunder,1,2019-01-06
58-114,15-35,16-24,14,35,49,33,8,5,13,24,147,401071295,Thunder,0,2019-01-10
56-99,16-19,26-29,5,38,43,38,8,10,17,25,154,401071295,Spurs,1,2019-01-10
41-90,16-29,17-22,14,35,49,31,7,7,14,15,115,401070712,Magic,0,2018-10-20
45-94,17-33,9-10,13,33,46,33,8,3,10,21,116,401070712,76ers,1,2018-10-20
48-87,11-27,21-26,12,32,44,24,6,6,10,22,128,401070745,Trail Blazers,0,2018-10-25
43-86,12-30,16-20,11,29,40,29,5,7,14,21,114,401070745,Magic,1,2018-10-25
41-84,8-22,17-26,8,43,51,22,8,6,15,20,107,401070779,Kings,0,2018-10-30
36-91,11-43,16-22,11,37,48,28,10,8,16,22,99,401070779,Magic,1,2018-10-30
46-91,12-32,13-18,11,32,43,29,7,4,8,22,117,401070817,Magic,0,2018-11-04
38-88,12-35,22-25,10,33,43,25,3,5,11,21,110,401070817,Spurs,1,2018-11-04
42-82,11-27,13-19,6,29,35,24,8,3,18,18,108,401070848,Wizards,0,2018-11-09
44-86,13-31,16-19,10,31,41,26,8,6,15,18,117,401070848,Magic,1,2018-11-09
43-89,15-30,8-11,8,26,34,28,5,6,12,28,109,401070871,Magic,0,2018-11-12
40-79,13-33,24-33,7,34,41,24,8,7,10,17,117,401070871,Wizards,1,2018-11-12
41-86,14-29,10-15,10,31,41,32,2,3,14,21,106,401070883,76ers,0,2018-11-14
40-80,12-28,19-22,5,32,37,23,7,4,10,21,111,401070883,Magic,1,2018-11-14
39-87,9-34,6-8,6,37,43,23,7,5,16,19,93,401070929,Raptors,0,2018-11-20
34-84,8-30,15-19,11,38,49,24,5,4,14,11,91,401070929,Magic,1,2018-11-20
42-81,14-30,14-15,3,34,37,28,3,8,14,20,112,401070995,Magic,0,2018-11-28
37-85,19-39,22-32,13,34,47,24,8,1,11,17,115,401070995,Trail Blazers,1,2018-11-28
39-82,8-27,13-18,8,36,44,23,7,5,12,16,99,401071008,Magic,0,2018-11-30
34-84,7-28,10-14,9,31,40,22,5,0,12,15,85,401071008,Suns,1,2018-11-30
28-89,7-29,26-28,11,31,42,17,13,4,10,19,89,401071110,Jazz,0,2018-12-15
34-72,11-24,17-20,4,44,48,18,7,10,22,27,96,401071110,Magic,1,2018-12-15
50-77,12-19,17-21,4,41,45,29,5,4,11,15,129,401071137,Spurs,0,2018-12-19
34-89,12-31,10-17,11,22,33,19,5,3,11,18,90,401071137,Magic,1,2018-12-19
48-95,13-24,13-17,11,34,45,22,9,9,18,19,122,401071179,Suns,0,2018-12-26
44-96,14-36,18-22,11,31,42,20,11,2,15,18,120,401071179,Magic,1,2018-12-26
28-95,12-34,19-24,14,27,41,18,4,10,11,21,87,401071195,Raptors,0,2018-12-28
44-93,9-26,19-22,11,49,60,29,3,8,15,20,116,401071195,Magic,1,2018-12-28
32-87,13-37,18-24,5,41,46,15,8,1,16,15,95,401071274,Magic,0,2019-01-07
45-98,10-34,11-20,9,48,57,24,11,4,9,18,111,401071274,Kings,1,2019-01-07
33-83,13-33,14-20,7,34,41,17,6,4,11,20,93,401071290,Magic,0,2019-01-09
41-84,12-33,12-14,4,40,44,24,5,3,13,20,106,401071290,Jazz,1,2019-01-09
38-91,14-40,22-30,17,30,47,25,7,5,23,24,112,401070781,76ers,0,2018-10-30
47-92,11-27,24-28,9,34,43,29,13,6,15,26,129,401070781,Raptors,1,2018-10-30
41-88,4-22,21-37,10,29,39,15,10,4,13,25,107,401070899,Jazz,0,2018-11-16
41-81,11-23,20-32,10,31,41,25,7,5,17,27,113,401070899,76ers,1,2018-11-16
44-87,13-33,13-24,5,26,31,25,9,4,13,34,114,401070923,Suns,0,2018-11-19
41-84,6-22,31-42,13,40,53,24,8,1,19,27,119,401070923,76ers,1,2018-11-19
37-92,8-28,16-19,8,34,42,22,10,4,15,20,98,401071003,Wizards,0,2018-11-30
43-98,12-38,25-33,17,41,58,28,11,7,12,17,123,401071003,76ers,1,2018-11-30
40-88,11-35,11-14,11,38,49,26,7,5,21,23,102,401071040,76ers,0,2018-12-05
43-100,8-29,19-22,17,36,53,25,12,3,11,13,113,401071040,Raptors,1,2018-12-05
40-98,11-37,5-7,12,29,41,29,3,5,10,15,96,401071129,76ers,0,2018-12-17
49-87,9-23,16-17,4,41,45,28,5,9,6,14,123,401071129,Spurs,1,2018-12-17
37-95,10-40,17-19,8,33,41,17,5,2,15,24,101,401071162,Raptors,0,2018-12-22
46-85,8-24,26-35,4,49,53,33,10,7,11,21,126,401071162,76ers,1,2018-12-22
43-86,13-35,15-18,9,38,47,31,7,7,13,21,114,401071191,76ers,0,2018-12-27
33-86,11-35,20-27,12,32,44,19,11,1,16,19,97,401071191,Jazz,1,2018-12-27
34-96,8-43,19-27,9,27,36,18,15,2,11,21,95,401071216,76ers,0,2018-12-30
49-83,12-22,19-25,7,52,59,28,2,2,21,22,129,401071216,Trail Blazers,1,2018-12-30
40-74,11-24,41-54,8,36,44,27,9,3,17,30,132,401071237,76ers,0,2019-01-02
43-95,11-34,30-36,13,24,37,22,10,3,15,34,127,401071237,Suns,1,2019-01-02
42-84,14-32,17-21,6,28,34,26,14,3,16,18,115,401071276,Wizards,0,2019-01-08
49-88,17-33,17-25,13,36,49,39,10,2,19,20,132,401071276,76ers,1,2019-01-08
37-86,8-27,24-31,17,29,46,23,12,3,24,20,106,401071284,76ers,0,2019-01-09
47-87,13-27,16-21,11,28,39,26,16,2,18,21,123,401071284,Wizards,1,2019-01-09
46-83,4-18,24-26,6,41,47,24,7,6,14,15,120,401070791,Spurs,0,2018-10-31
35-90,6-24,14-18,7,28,35,21,10,3,15,26,90,401070791,Suns,1,2018-10-31
41-81,12-33,13-21,6,33,39,29,11,10,13,23,107,401070804,Raptors,0,2018-11-02
40-91,8-26,10-18,12,37,49,20,3,4,15,18,98,401070804,Suns,1,2018-11-02
35-83,7-23,19-24,13,30,43,16,7,4,18,12,96,401070892,Spurs,0,2018-11-14
47-84,15-31,7-8,5,33,38,27,9,4,16,23,116,401070892,Suns,1,2018-11-14
45-84,11-24,21-32,9,33,42,27,13,3,13,22,122,401071034,Kings,0,2018-12-04
38-87,12-43,17-21,13,30,43,27,9,4,21,27,105,401071034,Suns,1,2018-12-04
35-91,5-27,11-14,11,30,41,20,11,2,16,21,86,401071047,Suns,0,2018-12-06
41-85,9-27,17-27,13,43,56,24,10,6,17,19,108,401071047,Trail Blazers,1,2018-12-06
33-82,8-28,12-14,8,32,40,19,7,5,17,22,86,401071084,Suns,0,2018-12-11
41-83,13-21,16-19,8,38,46,28,7,2,15,15,111,401071084,Spurs,1,2018-12-11
55-115,11-35,25-33,19,31,50,30,14,7,14,28,146,401071161,Suns,0,2018-12-22
56-111,13-36,24-27,17,36,53,40,6,5,22,26,149,401071161,Wizards,1,2018-12-22
38-80,15-29,20-29,12,31,43,26,11,5,25,19,111,401071280,Kings,0,2019-01-08
45-88,10-25,15-19,9,28,37,31,18,7,19,25,115,401071280,Suns,1,2019-01-08
42-100,13-30,11-14,15,25,40,29,5,4,6,17,108,401070717,Spurs,0,2018-10-20
45-84,15-32,16-19,8,38,46,24,5,3,12,14,121,401070717,Trail Blazers,1,2018-10-20
46-110,15-37,18-26,12,42,54,23,6,7,10,27,125,401070727,Wizards,0,2018-10-22
43-108,11-39,27-31,17,53,70,22,6,4,19,22,124,401070727,Trail Blazers,1,2018-10-22
39-86,11-30,30-35,9,43,52,26,4,3,15,25,119,401070918,Trail Blazers,0,2018-11-18
43-96,13-32,10-21,9,34,43,28,4,9,11,30,109,401070918,Wizards,1,2018-11-18
45-86,12-29,16-16,9,26,35,25,6,5,17,21,118,401071023,Trail Blazers,0,2018-12-02
50-83,11-15,20-22,5,29,34,29,5,4,12,15,131,401071023,Spurs,1,2018-12-02
43-78,18-31,18-21,6,31,37,20,4,4,16,21,122,401071108,Raptors,0,2018-12-14
48-94,13-27,19-21,12,26,38,29,10,4,8,15,128,401071108,Trail Blazers,1,2018-12-14
47-85,16-31,10-17,6,36,42,35,7,6,15,21,120,401071157,Jazz,0,2018-12-21
35-87,10-32,10-18,13,29,42,17,8,6,14,16,90,401071157,Trail Blazers,1,2018-12-21
35-89,9-23,17-26,11,31,42,20,7,3,12,20,96,401070237,Trail Blazers,0,2018-12-25
46-83,13-29,12-23,9,40,49,20,7,10,17,19,117,401070237,Jazz,1,2018-12-25
39-90,9-32,26-30,10,46,56,22,11,10,18,19,113,401071228,Trail Blazers,0,2019-01-01
44-115,11-33,9-12,14,39,53,24,13,4,13,23,108,401071228,Kings,1,2019-01-01
41-79,13-27,28-38,5,39,44,21,8,4,17,19,123,401070700,Jazz,0,2018-10-17
49-95,7-19,12-18,5,32,37,17,8,3,9,27,117,401070700,Kings,1,2018-10-17
40-86,14-42,18-23,5,37,42,22,8,7,21,27,112,401070754,Wizards,0,2018-10-26
44-95,14-37,14-23,14,39,53,25,8,4,18,18,116,401070754,Kings,1,2018-10-26
41-89,11-36,21-23,13,40,53,17,10,4,20,20,114,401070842,Raptors,0,2018-11-07
42-88,8-23,13-18,6,25,31,27,10,5,15,26,105,401070842,Kings,1,2018-11-07
38-87,10-31,13-16,9,34,43,25,5,4,15,12,99,401070878,Spurs,0,2018-11-12
43-86,11-24,7-12,7,38,45,27,12,3,12,20,104,401070878,Kings,1,2018-11-12
47-89,11-25,14-19,8,40,48,27,5,4,11,30,119,401070944,Kings,0,2018-11-21
38-88,12-39,22-31,12,34,46,21,7,7,10,21,110,401070944,Jazz,1,2018-11-21
49-92,10-30,25-33,13,36,49,30,11,5,18,26,133,401070973,Jazz,0,2018-11-25
40-85,9-23,23-31,7,29,36,20,10,7,17,25,112,401070973,Kings,1,2018-11-25
44-90,7-22,10-11,7,25,32,25,7,5,16,19,105,401071035,Spurs,0,2018-12-04
51-84,20-33,17-20,5,37,42,38,12,5,17,20,139,401071035,Jazz,1,2018-12-04
37-85,9-29,14-19,9,29,38,23,8,4,14,15,97,401071070,Jazz,0,2018-12-09
47-89,5-14,11-12,10,36,46,26,7,7,11,15,110,401071070,Spurs,1,2018-12-09
39-87,6-30,23-29,9,30,39,21,9,6,10,23,107,401071239,Raptors,0,2019-01-03
47-85,13-27,18-20,8,36,44,32,7,0,12,19,125,401071239,Spurs,1,2019-01-03
39-88,10-29,29-36,14,38,52,21,5,5,17,29,117,401070221,Raptors,0,2018-10-20
37-89,13-39,26-32,9,28,37,20,11,9,11,27,113,401070221,Wizards,1,2018-10-20
49-86,13-33,13-14,7,36,43,21,9,3,14,28,124,401070827,Raptors,0,2018-11-05
38-86,8-31,27-41,12,28,40,29,10,4,12,19,111,401070827,Jazz,1,2018-11-05
40-100,9-46,18-19,14,30,44,28,8,7,12,16,107,401070952,Wizards,0,2018-11-23
46-93,17-39,16-19,13,37,50,32,5,6,15,23,125,401070952,Raptors,1,2018-11-23
42-97,9-32,23-29,12,31,43,23,6,4,4,27,116,401071225,Jazz,0,2019-01-01
45-82,7-20,25-35,5,40,45,18,4,6,9,21,122,401071225,Raptors,1,2019-01-01
45-81,12-25,21-27,15,29,44,27,7,4,21,24,123,401071297,Hawks,0,2019-01-11
45-87,11-33,20-27,11,19,30,31,13,4,15,23,121,401071297,76ers,1,2019-01-11
49-92,11-30,24-33,8,31,39,28,13,4,14,25,133,401071316,Bucks,0,2019-01-13
39-96,12-38,24-30,18,36,54,19,3,5,24,30,114,401071316,Hawks,1,2019-01-13
37-88,11-30,20-30,9,45,54,20,4,4,17,21,105,401071300,Nets,0,2019-01-11
48-105,11-35,15-24,13,42,55,32,10,4,9,22,122,401071300,Raptors,1,2019-01-11
37-91,11-36,17-23,10,31,41,21,10,8,10,21,102,401071321,Celtics,0,2019-01-14
37-86,13-39,22-25,13,42,55,18,5,7,17,20,109,401071321,Nets,1,2019-01-14
38-90,8-32,19-28,10,36,46,19,7,3,8,18,103,401071308,Celtics,0,2019-01-12
36-84,11-38,22-24,9,41,50,21,2,5,15,20,105,401071308,Magic,1,2019-01-12
36-90,13-30,11-16,10,33,43,23,3,2,13,10,96,401071304,Hornets,0,2019-01-11
52-93,15-40,8-9,7,40,47,31,10,16,9,20,127,401071304,Trail Blazers,1,2019-01-11
36-88,12-36,13-22,13,43,56,21,6,11,18,17,97,401071313,Hornets,0,2019-01-12
41-99,14-37,8-12,12,37,49,27,8,5,11,21,104,401071313,Kings,1,2019-01-12
43-92,13-36,9-11,8,37,45,24,7,4,7,14,108,401071323,Hornets,0,2019-01-14
38-82,7-20,10-12,3,33,36,21,4,6,12,15,93,401071323,Spurs,1,2019-01-14
35-78,9-20,30-34,5,24,29,16,9,1,13,21,109,401071305,Bulls,0,2019-01-11
53-92,18-39,22-26,11,38,49,38,6,8,12,27,146,401071305,Warriors,1,2019-01-11
40-97,7-25,15-17,10,37,47,24,8,7,9,19,102,401071312,Bulls,0,2019-01-12
38-88,16-45,18-25,10,42,52,23,6,11,13,18,110,401071312,Jazz,1,2019-01-12
40-89,9-33,24-26,6,33,39,24,12,4,13,24,113,401071301,Cavaliers,0,2019-01-11
46-89,20-52,29-32,8,37,45,28,8,9,15,18,141,401071301,Rockets,1,2019-01-11
38-89,8-21,17-23,10,42,52,18,5,2,10,21,101,401071320,Cavaliers,0,2019-01-13
36-91,7-34,16-27,13,38,51,21,4,5,11,22,95,401071320,Lakers,1,2019-01-13
44-97,13-38,18-24,11,32,43,25,7,7,7,16,119,401071302,Mavericks,0,2019-01-11
47-102,10-24,11-13,17,36,53,27,5,10,13,20,115,401071302,Timberwolves,1,2019-01-11
45-99,19-45,10-12,16,33,49,26,9,8,10,22,119,401071318,Warriors,0,2019-01-13
38-91,16-38,22-29,18,33,51,21,5,4,12,14,114,401071318,Mavericks,1,2019-01-13
34-88,10-31,15-22,13,37,50,25,7,6,15,19,93,401071311,Nuggets,0,2019-01-12
38-92,8-26,18-25,14,35,49,29,11,9,9,19,102,401071311,Suns,1,2019-01-12
40-88,12-34,21-22,8,31,39,25,5,1,9,22,113,401071319,Trail Blazers,0,2019-01-13
45-81,9-22,17-20,4,31,35,21,5,0,11,20,116,401071319,Nuggets,1,2019-01-13
37-85,16-37,19-22,14,34,48,20,12,5,16,26,109,401071306,Pistons,0,2019-01-12
36-74,9-18,23-29,6,32,38,25,7,5,17,19,104,401071306,Clippers,1,2019-01-12
35-90,11-36,13-16,5,33,38,16,13,4,9,27,94,401071324,Pistons,0,2019-01-14
31-80,12-37,26-36,11,44,55,20,5,3,17,18,100,401071324,Jazz,1,2019-01-14
38-86,10-42,23-27,9,29,38,20,7,1,10,21,109,401071317,Rockets,0,2019-01-13
41-85,9-24,25-28,12,33,45,25,6,2,11,21,116,401071317,Magic,1,2019-01-13
36-71,10-22,12-22,9,34,43,31,5,5,24,20,94,401071322,Grizzlies,0,2019-01-14
37-84,18-48,20-22,7,29,36,17,12,3,13,20,112,401071322,Rockets,1,2019-01-14
49-94,12-26,11-11,11,36,47,30,8,1,14,15,121,401071299,Pacers,0,2019-01-11
39-88,14-39,14-16,8,29,37,22,8,5,16,18,106,401071299,Knicks,1,2019-01-11
46-105,8-25,21-28,15,34,49,28,8,7,6,19,121,401071326,Pelicans,0,2019-01-14
41-86,18-36,17-24,8,42,50,34,4,7,16,21,117,401071326,Clippers,1,2019-01-14
37-103,5-27,16-24,16,39,55,14,9,5,12,23,95,401071303,Lakers,0,2019-01-11
38-96,15-42,22-32,15,50,65,24,9,9,16,20,113,401071303,Jazz,1,2019-01-11
39-81,9-29,21-27,10,28,38,18,9,6,10,21,108,401071307,Grizzlies,0,2019-01-12
40-80,15-31,17-24,10,28,38,25,7,4,14,23,112,401071307,Heat,1,2019-01-12
40-89,13-40,13-17,10,33,43,26,8,6,15,17,106,401071298,Bucks,0,2019-01-11
40-82,18-33,15-20,6,37,43,28,10,3,16,17,113,401071298,Wizards,1,2019-01-11
40-87,5-24,21-24,10,38,48,22,7,8,15,20,106,401071309,Pelicans,0,2019-01-12
40-93,11-39,19-24,15,35,50,23,7,5,13,20,110,401071309,Timberwolves,1,2019-01-12
40-87,6-20,22-30,12,44,56,22,4,9,16,21,108,401071314,76ers,0,2019-01-13
37-86,10-31,21-30,7,27,34,24,8,5,10,21,105,401071314,Knicks,1,2019-01-13
44-96,10-31,14-20,13,39,52,21,5,7,14,18,112,401071310,Spurs,0,2019-01-12
43-93,11-23,25-29,7,40,47,27,10,5,7,16,122,401071310,Thunder,1,2019-01-12
37-92,10-31,23-29,17,32,49,22,6,3,14,23,107,401071325,Trail Blazers,0,2019-01-14
43-87,10-26,19-24,11,37,48,24,6,6,13,23,115,401071325,Kings,1,2019-01-14
49-104,13-36,29-36,17,42,59,24,16,8,21,27,140,401071315,Raptors,0,2019-01-13
54-118,19-44,11-18,17,34,51,36,11,7,20,28,138,401071315,Wizards,1,2019-01-13
