fg_h,3pt_h,ft_h,oreb_h,dreb_h,reb_h,ast_h,stl_h,blk_h,to_h,pf_h,pts_h,fg_a,3pt_a,ft_a,oreb_a,dreb_a,reb_a,ast_a,stl_a,blk_a,to_a,pf_a,pts_a,outcome,date
38,5,21,9,41,50,19,3,4,17,25,102,36,8,19,9,37,46,24,11,4,10,24,99,1,2017-10-17
45,4,16,11,36,47,20,4,9,14,21,110,39,8,17,8,26,34,26,6,4,8,21,103,1,2017-10-17
41,14,20,12,34,46,19,14,3,15,18,116,40,17,11,4,29,33,31,8,10,19,24,108,1,2017-10-17
49,7,17,15,35,50,17,8,5,24,28,122,41,11,32,10,30,40,20,16,4,16,25,125,0,2017-10-18
45,7,14,16,31,47,22,1,2,15,19,111,51,15,14,5,25,30,25,7,3,3,14,131,0,2017-10-18
42,3,22,22,35,57,18,7,6,9,23,109,42,7,24,8,44,52,27,7,15,16,19,115,0,2017-10-18
41,18,18,9,37,46,28,15,6,10,12,118,34,8,10,13,38,51,17,8,1,18,17,86,1,2017-10-18
44,11,16,6,36,42,36,8,5,15,26,115,36,12,29,2,33,35,22,10,2,12,23,113,1,2017-10-18
41,6,11,10,28,38,28,7,14,13,25,99,40,12,24,17,38,55,24,4,3,15,20,116,0,2017-10-18
39,11,11,11,32,43,23,12,2,12,27,100,38,7,25,6,39,45,19,6,4,15,22,108,0,2017-10-18
53,9,25,14,33,47,29,12,9,14,25,140,45,12,29,11,32,43,22,7,2,20,25,131,1,2017-10-18
43,11,19,13,39,52,25,6,3,13,16,116,39,12,12,8,32,40,22,10,7,12,28,102,1,2017-10-19
39,8,11,6,36,42,23,8,1,19,18,97,42,19,16,9,37,46,21,6,4,14,20,119,0,2017-10-19
40,10,22,7,28,35,25,8,3,14,22,112,41,16,24,8,26,34,28,10,4,13,20,122,0,2017-10-19
40,6,12,16,40,56,20,5,11,13,24,98,30,9,24,16,37,53,16,10,7,10,24,93,1,2017-10-19
28,7,13,10,23,33,10,9,8,16,22,76,44,14,22,15,42,57,22,8,7,16,20,124,0,2017-10-19
35,10,12,14,33,47,20,7,4,16,30,92,35,10,22,14,41,55,16,4,5,19,24,102,0,2017-10-20
42,9,13,10,29,39,21,16,4,9,22,106,35,13,15,8,38,46,20,2,6,25,17,98,1,2017-10-20
47,10,12,11,29,40,28,8,5,11,22,116,50,7,17,11,37,48,25,5,6,12,18,124,0,2017-10-20
46,9,25,15,33,48,22,13,6,18,17,126,45,18,13,9,31,40,30,9,3,22,27,121,1,2017-10-20
37,7,22,7,37,44,20,7,7,17,23,103,33,6,20,14,36,50,19,10,5,18,19,92,1,2017-10-20
36,9,14,13,28,41,17,9,6,17,16,95,36,15,7,8,33,41,23,9,6,23,24,94,1,2017-10-20
42,10,23,6,39,45,20,6,5,20,25,117,43,9,20,13,24,37,19,13,2,9,25,115,1,2017-10-20
48,21,9,11,36,47,37,9,8,15,17,126,46,6,15,13,30,43,25,9,3,10,15,113,1,2017-10-20
35,11,16,3,46,49,23,8,8,13,18,97,25,4,25,8,32,40,9,8,1,15,23,79,1,2017-10-20
52,9,6,14,36,50,33,10,7,12,16,119,45,7,18,8,37,45,22,8,9,13,13,115,1,2017-10-20
39,13,23,8,32,40,17,5,5,12,15,114,42,15,8,7,26,33,26,6,4,10,22,107,1,2017-10-20
41,7,24,8,33,41,17,9,3,15,20,113,38,8,21,9,24,33,20,12,2,14,19,105,1,2017-10-21
32,6,25,11,28,39,19,10,8,23,22,95,38,8,20,15,29,44,21,14,6,17,25,104,0,2017-10-21
25,5,19,4,36,40,12,10,7,17,20,74,30,10,14,7,41,48,10,9,6,19,20,84,0,2017-10-21
31,7,13,12,43,55,16,11,5,12,18,82,30,14,16,11,42,53,16,11,7,16,17,90,0,2017-10-21
46,9,23,15,37,52,25,9,7,12,26,124,36,11,24,7,27,34,24,9,4,11,29,107,1,2017-10-21
38,7,12,15,42,57,23,10,7,19,16,95,38,10,12,9,35,44,24,11,9,14,15,98,0,2017-10-21
53,14,9,7,35,42,25,16,3,11,22,129,39,5,16,11,26,37,27,10,7,19,16,99,1,2017-10-21
40,8,12,8,37,45,19,6,1,18,14,100,44,11,8,8,29,37,23,11,4,10,12,107,0,2017-10-21
37,7,17,15,37,52,16,10,11,10,14,98,36,6,15,12,41,53,18,7,7,14,18,93,1,2017-10-21
35,6,15,9,37,46,21,7,5,16,12,91,37,14,14,7,31,38,20,10,7,9,16,102,0,2017-10-21
44,4,15,9,46,55,20,11,7,19,18,107,30,9,17,7,27,34,18,16,4,14,19,86,1,2017-10-21
45,8,22,9,40,49,24,5,7,12,24,120,34,9,30,20,27,47,17,7,3,10,25,107,1,2017-10-21
42,6,7,16,39,55,18,8,5,16,25,97,32,6,18,7,37,44,20,8,10,23,19,88,1,2017-10-22
41,11,23,13,38,51,27,12,8,18,27,116,32,7,33,16,32,48,21,6,2,16,25,104,1,2017-10-22
39,13,10,15,26,41,23,3,3,13,17,101,38,12,21,4,31,35,16,8,6,9,16,109,0,2017-10-23
46,13,6,19,32,51,22,9,15,11,22,111,38,9,13,14,34,48,21,6,7,18,15,98,1,2017-10-23
32,13,16,12,30,42,15,3,3,17,20,93,32,9,29,11,29,40,9,8,2,12,19,102,0,2017-10-23
42,10,10,6,27,33,22,16,3,10,14,104,44,17,14,7,44,51,25,8,4,25,19,119,0,2017-10-23
39,11,12,11,46,57,23,12,8,18,21,101,30,7,14,11,37,48,14,8,6,17,17,81,1,2017-10-23
43,18,9,6,34,40,30,7,1,17,17,113,37,8,12,6,31,37,27,5,4,16,12,94,1,2017-10-23
36,9,14,18,41,59,20,10,6,18,19,95,33,7,15,6,31,37,22,13,0,13,28,88,1,2017-10-23
39,12,18,13,30,43,24,4,3,16,20,108,45,14,17,13,30,43,23,9,2,9,20,121,0,2017-10-24
37,14,22,5,36,41,26,11,7,12,24,110,36,1,16,11,32,43,20,8,2,14,17,89,1,2017-10-24
41,8,35,6,38,44,20,8,5,11,23,125,40,11,30,14,35,49,21,8,4,15,27,121,1,2017-10-24
44,6,14,12,34,46,24,8,7,12,21,108,37,12,15,4,30,34,24,6,2,12,17,101,1,2017-10-24
43,7,13,11,34,45,26,11,2,9,28,106,37,8,30,6,36,42,27,4,5,14,14,112,0,2017-10-24
43,4,13,11,43,54,28,3,10,16,19,103,44,10,9,17,30,47,20,11,7,10,17,107,0,2017-10-24
33,11,24,5,33,38,23,6,4,9,25,101,38,10,20,10,36,46,28,4,7,15,28,106,0,2017-10-24
38,11,17,7,37,44,28,13,3,21,20,104,41,9,18,14,37,51,24,13,4,18,22,109,0,2017-10-25
43,19,25,11,37,48,26,5,7,11,16,130,42,3,17,7,32,39,25,7,2,10,20,104,1,2017-10-25
40,17,15,10,28,38,22,11,3,12,22,112,39,12,17,9,38,47,21,5,7,21,17,107,1,2017-10-25
42,7,17,4,35,39,27,8,7,13,15,108,32,6,19,15,28,43,19,6,1,15,21,89,1,2017-10-25
38,13,16,8,28,36,19,9,4,19,21,105,46,12,16,6,23,29,26,15,4,10,20,120,0,2017-10-25
40,11,23,12,41,53,27,8,7,14,26,114,37,9,24,12,34,46,21,12,7,17,23,107,1,2017-10-25
48,16,18,11,42,53,35,7,2,11,22,130,39,12,21,7,34,41,22,8,5,9,17,111,1,2017-10-25
39,12,25,16,32,48,28,7,0,15,17,115,43,8,14,11,31,42,28,9,10,13,23,108,1,2017-10-25
45,14,27,6,34,40,25,8,8,12,20,131,44,13,26,10,33,43,27,9,3,14,23,127,1,2017-10-25
35,7,27,4,37,41,20,8,4,7,19,104,40,8,14,10,39,49,22,3,3,9,24,102,1,2017-10-26
32,10,14,7,39,46,18,4,4,12,17,88,34,10,13,10,42,52,21,6,7,15,19,91,0,2017-10-26
35,12,19,16,34,50,20,4,9,11,13,101,44,4,4,11,34,45,16,3,4,9,21,96,1,2017-10-26
35,11,8,2,35,37,22,6,3,16,20,89,33,11,19,6,39,45,21,7,4,15,14,96,0,2017-10-26
46,15,13,11,33,44,26,9,4,7,20,120,40,13,21,10,39,49,24,3,4,20,16,114,1,2017-10-26
44,9,10,19,36,55,19,7,6,11,19,107,30,11,15,5,30,35,18,5,1,16,20,86,1,2017-10-27
45,12,16,6,29,35,29,5,5,16,19,118,42,15,14,17,23,40,24,8,2,13,22,113,1,2017-10-27
41,10,24,15,30,45,20,5,4,12,28,116,41,9,31,11,34,45,23,5,5,9,24,122,0,2017-10-27
43,13,16,9,34,43,29,5,2,13,20,115,45,15,19,7,42,49,23,9,5,11,20,124,0,2017-10-27
37,8,23,10,35,45,27,7,8,25,24,105,44,12,25,10,30,40,17,14,3,12,28,125,0,2017-10-27
34,7,15,6,34,40,17,6,9,19,23,90,34,6,22,11,30,41,15,11,5,12,14,96,0,2017-10-28
44,11,13,8,35,43,21,9,4,9,19,112,37,8,13,11,34,45,23,5,4,18,16,95,1,2017-10-28
46,11,18,17,29,46,30,17,10,14,20,121,42,11,18,16,32,48,21,10,3,21,18,113,1,2017-10-28
40,6,22,9,31,40,22,3,4,8,20,108,41,22,22,9,28,37,25,1,4,6,23,126,0,2017-10-28
32,10,17,13,38,51,16,7,7,16,21,91,32,6,15,2,35,37,18,9,9,17,20,85,1,2017-10-28
44,9,14,13,36,49,23,7,5,17,12,111,44,14,5,7,26,33,30,13,4,11,14,107,1,2017-10-28
39,10,18,14,35,49,24,12,5,13,17,106,32,11,13,11,33,44,18,10,3,21,20,88,1,2017-10-28
36,3,16,22,31,53,15,6,2,12,18,91,41,15,16,11,35,46,25,7,3,11,21,113,0,2017-10-28
45,14,17,18,33,51,37,6,7,16,18,121,40,9,14,9,25,34,19,15,7,10,16,103,1,2017-10-29
40,14,26,14,36,50,24,6,2,10,17,120,40,10,12,16,27,43,19,6,3,10,22,102,1,2017-10-29
43,13,13,6,23,29,31,16,7,12,15,112,42,5,10,12,30,42,26,7,2,23,21,99,1,2017-10-29
32,11,12,12,28,40,21,8,1,18,15,87,47,15,10,7,40,47,27,12,4,11,21,119,0,2017-10-29
52,5,13,11,40,51,30,11,5,19,20,122,37,8,16,12,26,38,22,9,1,17,17,98,1,2017-10-29
39,12,21,17,39,56,24,5,4,15,18,111,47,11,19,4,42,46,23,7,7,6,22,124,0,2017-10-29
37,8,22,10,31,41,23,7,3,12,14,104,43,9,16,8,33,41,28,7,4,12,16,111,0,2017-10-29
37,7,16,13,31,44,21,9,3,10,16,97,38,19,14,9,33,42,29,4,4,13,24,109,0,2017-10-29
40,9,20,8,30,38,21,8,3,8,17,109,46,14,16,8,39,47,24,7,6,13,22,122,0,2017-10-30
48,12,14,11,33,44,35,5,6,16,18,122,43,5,14,11,23,34,30,8,5,10,13,105,1,2017-10-30
37,3,41,21,43,64,23,6,8,17,27,118,36,9,32,7,28,35,22,8,4,11,42,113,1,2017-10-30
42,11,13,15,39,54,24,10,6,13,22,108,36,12,10,12,28,40,24,8,4,11,14,94,1,2017-10-30
47,12,12,8,32,40,29,6,6,11,22,118,30,7,24,11,31,42,19,6,4,13,18,91,1,2017-10-30
41,7,21,5,23,28,26,4,4,11,23,110,48,10,23,12,31,43,25,9,5,11,22,129,0,2017-10-30
41,8,17,12,38,50,22,8,11,11,18,107,37,8,17,11,31,42,23,7,4,13,16,99,1,2017-10-31
34,13,14,10,26,36,19,6,1,15,21,95,36,10,20,5,28,33,14,7,2,11,21,102,0,2017-10-31
40,12,23,6,28,34,20,4,2,11,29,115,43,12,28,11,42,53,21,5,4,14,25,126,0,2017-10-31
44,10,16,12,24,36,33,13,6,13,27,114,39,15,26,11,31,42,18,7,3,18,23,119,0,2017-10-31
38,11,10,8,22,30,23,9,2,14,17,97,44,11,17,9,35,44,25,8,3,17,11,116,0,2017-10-31
42,9,21,7,37,44,15,9,4,7,22,114,45,10,22,10,56,66,18,5,5,18,26,122,0,2017-10-31
38,16,20,11,37,48,22,4,10,15,14,112,43,10,11,10,32,42,27,8,3,7,22,107,1,2017-10-31
41,11,14,16,37,53,22,11,5,15,20,107,33,5,18,10,32,42,14,8,5,17,20,89,1,2017-11-01
45,10,23,6,34,40,23,5,6,11,21,123,40,8,21,11,30,41,21,4,5,10,22,109,1,2017-11-01
33,7,20,11,33,44,15,4,7,16,14,93,40,17,17,12,38,50,28,7,6,12,28,114,0,2017-11-01
37,9,17,4,28,32,19,6,2,9,25,100,42,10,23,8,36,44,18,6,3,13,20,117,0,2017-11-01
36,11,16,11,29,40,23,9,4,17,17,99,43,8,11,11,33,44,24,9,11,14,15,105,0,2017-11-01
35,7,12,7,30,37,15,7,12,5,16,89,39,4,8,20,44,64,18,2,14,13,19,90,0,2017-11-01
40,17,16,16,36,52,30,10,3,15,19,113,35,6,10,7,19,26,24,10,5,15,18,86,1,2017-11-01
38,8,13,14,34,48,23,6,10,10,18,97,33,12,14,14,36,50,21,7,6,12,14,92,1,2017-11-01
35,10,28,17,30,47,27,7,4,17,24,108,34,9,26,7,29,36,20,8,2,16,27,103,1,2017-11-01
44,15,8,10,41,51,36,7,4,14,14,111,37,10,7,13,32,45,18,9,5,13,14,91,1,2017-11-01
38,8,17,13,36,49,19,13,3,17,21,101,35,16,18,14,34,48,21,7,7,20,21,104,0,2017-11-01
44,5,19,12,28,40,13,8,5,15,29,112,43,13,29,7,37,44,29,8,5,18,20,128,0,2017-11-02
52,11,14,7,42,49,36,8,16,11,18,129,33,3,14,15,32,47,13,2,3,15,17,83,1,2017-11-02
49,9,16,11,29,40,27,9,5,16,20,123,47,24,16,8,26,34,37,9,6,18,23,134,0,2017-11-03
46,10,16,7,39,46,21,4,10,18,25,118,39,4,28,19,28,47,16,12,4,11,21,110,1,2017-11-03
44,12,11,9,28,37,31,2,9,12,20,111,45,12,15,11,29,40,24,6,2,8,17,117,0,2017-11-03
31,7,16,7,32,39,21,6,4,22,19,85,34,9,19,9,31,40,15,15,2,15,21,96,0,2017-11-03
53,18,9,18,45,63,31,3,7,9,25,133,34,6,25,9,26,35,18,3,4,9,16,99,1,2017-11-03
39,7,16,13,34,47,23,9,6,14,22,101,44,10,17,15,31,46,25,10,9,11,14,115,0,2017-11-03
48,11,7,6,39,45,22,9,7,17,24,114,30,4,23,17,32,49,19,8,8,17,15,87,1,2017-11-03
38,10,32,4,31,35,27,10,3,13,26,118,38,13,26,12,28,40,30,6,4,15,28,115,1,2017-11-03
48,9,19,7,50,57,26,10,7,16,29,124,37,9,29,8,35,43,23,8,5,16,22,112,1,2017-11-03
38,9,21,12,33,45,18,4,5,11,19,106,34,17,16,9,28,37,19,5,10,13,23,101,1,2017-11-03
35,13,11,11,37,48,20,4,7,12,18,94,36,13,16,11,38,49,23,6,2,10,14,101,0,2017-11-03
31,12,14,7,39,46,19,8,4,13,19,88,38,5,8,5,33,38,17,3,6,13,21,89,0,2017-11-03
45,12,21,13,36,49,20,9,0,13,18,123,43,13,18,8,33,41,24,8,7,16,24,117,1,2017-11-04
46,12,8,12,22,34,18,12,4,19,28,112,38,17,29,7,30,37,25,11,7,20,20,122,0,2017-11-04
35,9,24,14,40,54,18,5,3,14,19,103,44,14,16,10,43,53,31,6,7,11,25,118,0,2017-11-04
49,13,12,10,37,47,33,10,4,11,20,123,36,12,17,5,32,37,19,8,2,18,19,101,1,2017-11-04
50,8,12,8,25,33,33,10,5,14,20,120,45,15,22,16,31,47,26,12,3,19,16,127,0,2017-11-04
44,9,10,3,37,40,29,4,11,12,19,107,30,9,15,14,29,43,17,7,4,9,12,84,1,2017-11-05
39,9,21,7,38,45,31,7,6,15,26,108,33,8,27,11,35,46,16,11,1,12,20,101,1,2017-11-05
33,6,16,10,35,45,18,4,4,13,19,88,39,11,15,9,45,54,26,10,1,13,21,104,0,2017-11-05
44,7,26,9,35,44,21,10,3,13,19,121,51,10,11,11,39,50,22,8,7,15,24,123,0,2017-11-05
45,8,27,14,30,44,22,3,2,10,23,125,47,9,24,3,27,30,28,4,3,6,20,127,0,2017-11-05
43,11,12,14,28,42,25,6,2,9,16,109,42,10,10,5,27,32,24,4,3,14,20,104,1,2017-11-05
45,11,12,13,39,52,33,4,2,7,13,113,35,18,10,6,28,34,21,5,3,9,20,98,1,2017-11-05
47,10,12,16,31,47,28,9,5,14,22,116,43,21,35,12,39,51,27,9,9,14,20,142,0,2017-11-05
30,6,26,14,38,52,13,8,7,17,29,92,35,8,20,11,37,48,20,10,4,16,30,98,0,2017-11-06
39,13,16,5,31,36,24,8,4,14,22,107,39,14,18,7,35,42,28,3,3,13,21,110,0,2017-11-06
39,9,16,2,34,36,26,7,8,15,18,103,46,10,12,14,35,49,22,7,1,14,21,114,0,2017-11-06
47,14,26,3,29,32,31,8,8,15,24,134,44,11,28,8,28,36,32,9,2,14,19,127,1,2017-11-06
39,9,11,11,30,41,27,9,4,6,16,98,33,7,13,13,32,45,20,4,4,16,18,86,1,2017-11-07
40,9,14,8,29,37,21,6,6,8,16,103,37,10,18,8,36,44,15,6,5,11,18,102,1,2017-11-07
43,7,14,8,33,41,25,6,3,16,19,107,49,16,10,8,35,43,35,9,1,11,23,124,0,2017-11-07
35,13,21,10,37,47,26,3,5,16,18,104,38,6,16,8,35,43,25,9,4,11,21,98,1,2017-11-07
35,13,24,14,37,51,24,11,5,22,26,107,30,10,15,10,26,36,20,12,3,21,23,85,1,2017-11-07
40,15,10,8,33,41,23,8,4,13,23,105,38,6,16,8,36,44,24,12,11,16,14,98,1,2017-11-07
34,11,17,12,37,49,24,6,8,20,20,96,37,10,7,11,31,42,22,14,7,14,20,91,1,2017-11-07
44,9,15,9,38,47,26,16,9,19,21,112,38,11,17,8,39,47,22,12,6,25,16,104,1,2017-11-07
39,10,16,7,37,44,29,3,13,18,26,104,42,11,12,15,29,44,22,13,7,11,23,107,0,2017-11-07
35,10,24,8,32,40,20,10,9,16,20,104,42,7,16,9,31,40,30,9,6,11,22,107,0,2017-11-07
45,7,16,9,39,48,32,5,4,11,16,113,42,12,9,12,35,47,20,5,1,11,21,105,1,2017-11-08
34,14,22,12,32,44,23,6,7,13,18,104,39,9,14,13,28,41,24,7,3,8,22,101,1,2017-11-08
42,17,11,12,42,54,36,8,6,14,21,112,29,9,13,14,29,43,19,8,3,15,17,80,1,2017-11-08
43,8,14,13,34,47,29,8,7,11,19,108,37,14,12,12,30,42,21,4,10,15,23,100,1,2017-11-08
39,13,18,9,41,50,24,6,4,15,24,109,33,11,16,7,29,36,20,5,2,13,17,93,1,2017-11-08
43,8,5,7,25,32,23,11,3,16,21,99,41,13,11,9,27,36,28,8,0,13,12,106,0,2017-11-08
38,7,24,16,32,48,20,8,6,13,20,107,37,5,17,12,36,48,16,8,8,20,30,96,1,2017-11-08
36,14,19,6,27,33,26,12,2,17,16,105,37,11,13,7,32,39,31,10,2,19,21,98,1,2017-11-09
45,11,21,9,28,37,25,5,2,16,24,122,46,12,26,8,26,34,20,11,4,14,27,130,0,2017-11-09
38,9,14,6,32,38,21,9,3,13,22,99,39,14,18,12,35,47,22,9,5,16,21,110,0,2017-11-09
37,7,26,22,38,60,15,7,9,29,26,107,42,8,21,13,29,42,19,16,6,14,30,113,0,2017-11-09
34,9,9,9,41,50,16,8,1,13,19,86,31,5,16,17,39,56,18,9,7,12,13,83,1,2017-11-09
38,10,13,9,30,39,17,13,4,14,20,99,43,8,17,11,40,51,26,7,4,21,17,111,0,2017-11-10
40,3,26,17,36,53,21,5,4,12,19,109,41,13,16,5,34,39,25,8,5,11,26,111,0,2017-11-10
37,11,19,9,36,45,22,5,5,11,17,104,32,14,20,9,37,46,20,6,1,12,21,98,1,2017-11-10
40,8,9,12,39,51,17,4,4,10,17,97,39,12,11,11,38,49,25,7,4,10,13,101,0,2017-11-10
40,10,6,14,38,52,29,7,5,18,17,96,37,8,3,9,29,38,21,7,7,15,15,85,1,2017-11-10
41,8,11,6,34,40,18,4,8,12,19,101,39,15,14,13,33,46,19,8,7,7,19,107,0,2017-11-10
30,9,21,9,40,49,15,6,5,13,26,90,31,6,19,7,40,47,20,5,7,14,21,87,1,2017-11-10
42,16,14,13,34,47,28,9,4,18,19,114,42,4,10,8,33,41,23,4,2,17,22,98,1,2017-11-10
42,9,17,22,35,57,26,9,0,9,20,110,28,8,23,6,29,35,16,7,3,13,20,87,1,2017-11-11
36,11,18,18,33,51,25,6,4,16,24,101,37,10,25,3,33,36,24,10,8,14,21,109,0,2017-11-11
41,8,15,13,37,50,30,9,10,10,25,105,36,4,20,11,35,46,13,5,5,10,16,96,1,2017-11-11
40,14,23,8,33,41,25,7,3,18,22,117,42,9,20,13,28,41,26,11,3,14,24,113,1,2017-11-11
47,13,9,13,27,40,30,7,2,9,16,116,40,12,12,5,33,38,30,1,9,20,19,104,1,2017-11-11
42,9,10,10,21,31,27,6,5,9,23,103,47,12,15,11,36,47,33,6,5,18,22,121,0,2017-11-11
41,11,21,12,32,44,19,12,3,16,29,114,35,7,29,10,31,41,13,7,4,17,22,106,1,2017-11-11
37,2,15,15,33,48,12,9,6,16,18,91,45,9,16,13,36,49,29,10,4,15,18,115,0,2017-11-11
42,10,21,15,32,47,27,6,6,13,29,115,41,11,24,11,33,44,24,4,6,17,20,117,0,2017-11-11
38,9,15,12,31,43,25,5,3,12,19,100,43,15,17,9,36,45,18,10,4,11,21,118,0,2017-11-11
46,15,24,5,28,33,31,11,9,14,21,131,44,9,27,22,25,47,26,5,4,17,29,124,1,2017-11-11
31,4,20,14,28,42,20,7,4,14,19,86,39,6,22,8,37,45,22,8,7,11,19,106,0,2017-11-12
35,10,15,15,31,46,24,9,2,14,18,95,32,10,20,6,30,36,18,8,8,17,20,94,1,2017-11-12
38,7,32,15,29,44,21,4,3,11,20,115,39,12,19,8,27,35,23,7,7,13,30,109,1,2017-11-12
45,10,20,14,27,41,24,7,1,12,26,120,43,16,27,8,25,33,28,7,8,11,26,129,0,2017-11-12
44,5,19,17,33,50,19,14,7,10,21,112,40,11,27,7,45,52,32,6,3,24,18,118,0,2017-11-13
49,9,12,19,29,48,24,12,5,10,14,119,43,13,9,11,26,37,25,6,1,15,20,108,1,2017-11-13
44,18,20,9,33,42,31,10,4,17,16,126,49,10,9,9,28,37,28,12,5,11,20,117,1,2017-11-13
37,9,28,8,29,37,29,10,5,16,17,111,42,10,12,15,28,43,17,12,2,18,23,106,1,2017-11-13
52,10,15,5,37,42,27,9,5,10,25,129,34,7,27,8,32,40,22,4,2,15,20,102,1,2017-11-13
41,18,17,9,33,42,30,12,6,7,15,117,42,4,14,6,34,40,29,4,3,18,20,102,1,2017-11-13
42,9,11,12,24,36,24,6,6,13,19,104,42,11,16,15,25,40,23,8,4,10,12,111,0,2017-11-13
41,9,33,12,27,39,18,7,4,12,16,124,47,13,12,8,28,36,29,6,8,16,31,119,1,2017-11-13
38,15,18,3,32,35,21,10,2,19,21,109,42,11,19,2,33,35,33,12,5,18,20,114,0,2017-11-13
43,17,15,4,32,36,27,8,2,12,21,118,39,12,17,10,29,39,21,6,6,16,19,107,1,2017-11-14
37,7,12,12,35,47,19,8,9,16,21,93,39,14,16,12,40,52,25,10,12,17,22,108,0,2017-11-14
39,14,10,9,34,43,26,4,3,14,24,102,39,9,22,9,40,49,15,8,3,14,14,109,0,2017-11-14
38,14,25,9,41,50,23,5,6,12,15,115,39,10,11,10,36,46,24,6,4,11,24,99,1,2017-11-15
44,13,16,7,43,50,35,13,4,19,20,117,47,15,10,18,42,60,28,10,5,18,21,119,0,2017-11-15
36,16,29,17,28,45,21,11,5,22,27,117,45,12,11,4,22,26,24,9,1,18,30,113,1,2017-11-15
38,16,7,9,32,41,27,11,7,9,20,99,38,11,17,13,44,57,25,4,4,15,12,104,0,2017-11-15
40,11,20,10,34,44,20,6,7,8,18,111,38,19,20,7,31,38,18,3,4,9,23,115,0,2017-11-15
41,11,29,9,35,44,31,12,8,12,24,122,39,12,27,8,36,44,23,7,4,19,25,117,1,2017-11-15
37,6,10,15,32,47,21,8,2,20,19,90,31,8,17,8,31,39,14,11,9,17,24,87,1,2017-11-15
44,13,14,7,38,45,34,8,3,16,23,115,40,12,14,13,30,43,22,10,1,14,17,106,1,2017-11-15
35,5,16,14,37,51,13,3,3,13,20,91,37,7,22,5,40,45,18,10,3,9,22,103,0,2017-11-15
37,7,12,16,36,52,23,10,13,11,18,93,36,10,15,10,37,47,20,7,5,13,16,97,0,2017-11-15
41,8,20,12,37,49,30,6,12,10,18,110,43,6,15,10,35,45,29,7,3,12,20,107,1,2017-11-16
26,7,33,7,45,52,15,8,5,15,15,92,33,10,12,7,40,47,22,9,10,15,24,88,1,2017-11-16
38,15,18,4,33,37,29,4,4,9,15,109,47,12,8,5,33,38,30,6,4,9,19,114,0,2017-11-16
34,16,27,13,39,52,24,7,2,13,21,111,46,10,16,6,51,57,29,8,14,15,27,118,0,2017-11-17
45,18,6,5,43,48,22,10,8,19,17,114,38,6,9,12,34,46,19,10,6,16,14,91,1,2017-11-17
42,9,13,9,28,37,27,6,6,10,18,106,41,4,17,20,33,53,16,4,2,12,17,103,1,2017-11-17
51,13,16,5,39,44,31,11,6,19,22,131,39,7,22,8,29,37,21,11,4,19,19,107,1,2017-11-17
37,5,34,12,35,47,21,8,2,14,23,113,39,8,24,10,29,39,24,13,10,12,29,110,1,2017-11-17
39,10,16,9,33,42,21,7,3,10,26,104,35,12,29,10,43,53,18,8,3,17,18,111,0,2017-11-17
46,12,19,12,41,53,23,4,4,14,23,123,40,8,23,13,31,44,22,9,4,14,21,111,1,2017-11-17
37,12,19,15,30,45,19,11,5,13,20,105,37,7,15,17,29,46,18,8,2,18,23,96,1,2017-11-17
46,13,12,10,24,34,30,6,7,11,13,117,39,18,9,6,23,29,28,7,4,18,16,105,1,2017-11-17
33,14,20,7,41,48,19,10,5,13,14,100,38,10,5,9,39,48,26,8,5,17,20,91,1,2017-11-17
44,5,22,8,44,52,26,10,5,20,20,115,32,10,12,9,22,31,21,13,4,15,20,86,1,2017-11-17
44,10,19,10,28,38,27,7,8,9,22,117,35,3,22,11,28,39,18,7,3,16,25,95,1,2017-11-18
41,6,19,8,33,41,21,7,5,13,19,107,42,13,18,15,35,50,25,9,4,13,24,115,0,2017-11-18
37,9,16,6,29,35,24,7,1,13,19,99,39,16,16,9,32,41,21,9,6,15,22,110,0,2017-11-18
56,20,17,7,39,46,36,5,11,11,26,149,46,18,31,11,35,46,23,10,5,13,25,141,1,2017-11-18
44,16,21,14,32,46,21,4,2,11,17,125,38,12,20,6,27,33,20,5,3,10,20,108,1,2017-11-18
44,13,16,5,34,39,27,9,7,15,16,117,44,14,13,9,38,47,30,9,8,20,23,115,1,2017-11-18
44,6,15,13,37,50,27,7,3,9,15,109,37,10,19,12,38,50,22,6,7,13,17,103,1,2017-11-19
42,12,11,10,34,44,23,6,4,9,20,107,38,14,20,10,39,49,26,6,7,11,16,110,0,2017-11-19
43,14,19,4,29,33,21,8,2,10,19,119,42,14,11,8,34,42,26,5,2,19,21,109,1,2017-11-19
44,20,10,6,39,45,28,7,4,11,12,118,39,11,10,7,38,45,18,5,2,13,14,99,1,2017-11-19
36,7,20,10,32,42,22,5,5,13,21,99,41,8,19,8,30,38,25,6,4,10,23,109,0,2017-11-19
39,9,22,9,30,39,28,3,4,8,18,109,42,5,15,10,30,40,21,4,2,8,19,104,1,2017-11-19
42,13,13,11,41,52,29,10,5,22,22,110,30,5,14,8,24,32,14,14,4,17,23,79,1,2017-11-19
38,6,9,12,25,37,18,13,2,8,14,91,41,6,5,9,44,53,17,7,9,23,16,93,0,2017-11-19
40,11,37,17,40,57,27,2,8,17,23,128,45,12,23,11,34,45,27,9,3,9,37,125,1,2017-11-20
36,8,25,12,39,51,17,7,1,11,23,105,34,13,18,8,33,41,22,4,1,10,25,99,1,2017-11-20
43,6,23,15,23,38,25,6,0,10,19,115,53,12,16,7,26,33,36,4,6,7,26,134,0,2017-11-20
39,7,17,8,37,45,18,7,3,11,22,102,38,13,21,5,48,53,24,8,4,17,24,110,0,2017-11-20
34,13,7,7,27,34,23,7,2,14,19,88,42,16,16,7,35,42,28,4,2,11,14,116,0,2017-11-20
34,10,17,13,40,53,21,7,6,19,19,95,41,7,12,9,30,39,21,11,6,12,20,101,0,2017-11-20
43,5,9,10,35,45,18,4,4,14,24,100,37,6,25,8,34,42,19,8,3,10,11,105,0,2017-11-20
40,6,14,8,40,48,19,8,8,8,19,100,26,7,24,8,34,42,12,3,3,9,19,83,1,2017-11-20
34,12,20,5,36,41,18,7,4,12,18,100,34,10,11,5,33,38,14,7,3,14,21,89,1,2017-11-20
43,12,22,10,35,45,26,7,8,15,15,120,44,14,11,9,32,41,30,8,4,11,20,113,1,2017-11-21
35,7,24,10,30,40,11,4,1,10,21,101,40,6,18,18,34,52,18,5,6,15,23,104,0,2017-11-21
40,10,14,7,41,48,20,3,4,16,22,104,35,9,19,7,30,37,19,11,4,11,19,98,1,2017-11-22
40,5,8,8,35,43,21,6,4,15,24,93,35,14,31,7,36,43,21,9,4,9,15,115,0,2017-11-22
45,2,8,17,44,61,29,6,6,16,18,100,44,11,14,9,41,50,34,13,10,7,18,113,0,2017-11-22
40,8,12,8,23,31,22,5,3,14,23,100,39,7,33,8,35,43,22,11,4,12,14,118,0,2017-11-22
38,7,16,11,34,45,21,9,3,9,18,99,37,7,11,13,32,45,22,5,4,12,18,92,1,2017-11-22
45,9,10,13,27,40,27,14,6,23,27,109,35,12,32,19,26,45,18,14,6,21,19,114,0,2017-11-22
38,8,16,9,40,49,23,8,8,11,17,100,31,10,15,8,35,43,17,6,2,12,16,87,1,2017-11-22
39,9,15,12,44,56,26,13,2,16,18,102,34,5,13,5,38,43,24,8,4,19,14,86,1,2017-11-22
38,13,11,3,42,45,25,4,7,12,24,100,36,11,16,15,40,55,25,4,3,9,17,99,1,2017-11-22
44,10,24,12,32,44,30,10,2,16,21,122,44,12,19,8,24,32,20,7,3,18,26,119,1,2017-11-22
46,11,12,7,37,44,28,10,5,16,20,115,40,6,11,15,28,43,26,4,2,17,15,97,1,2017-11-22
50,10,15,13,34,47,25,4,6,9,22,125,48,6,25,12,33,45,24,5,13,7,16,127,0,2017-11-22
44,6,23,11,39,50,25,8,6,21,24,117,38,12,18,7,28,35,24,11,8,14,19,106,1,2017-11-22
35,12,18,12,40,52,19,9,3,12,19,100,40,6,10,16,50,66,22,9,5,15,17,96,1,2017-11-24
46,19,19,17,25,42,21,5,4,6,23,130,37,7,24,4,32,36,20,4,2,10,15,105,1,2017-11-24
42,17,17,13,33,46,27,6,10,8,20,118,41,9,12,16,35,51,21,6,4,12,16,103,1,2017-11-24
35,9,20,10,32,42,22,8,3,17,21,99,29,12,18,4,23,27,14,8,5,15,24,88,1,2017-11-24
43,16,18,10,36,46,26,13,3,9,14,120,38,12,16,3,33,36,25,6,1,17,21,104,1,2017-11-24
48,8,7,9,29,38,19,7,5,9,24,111,40,11,19,10,32,42,26,4,5,14,16,110,1,2017-11-24
34,12,13,9,31,40,21,10,5,11,21,93,36,14,12,11,36,47,25,7,4,13,16,98,0,2017-11-24
32,8,16,11,24,35,15,8,3,14,24,88,33,13,19,12,31,43,19,7,7,17,22,98,0,2017-11-24
38,17,18,9,32,41,27,5,4,15,19,111,48,9,12,14,36,50,20,11,6,13,18,117,0,2017-11-24
44,15,13,10,37,47,27,10,2,17,15,116,39,7,14,6,30,36,20,14,4,12,12,99,1,2017-11-24
41,6,13,10,34,44,21,13,7,11,20,101,29,8,20,13,32,45,17,7,6,19,23,86,1,2017-11-25
40,11,17,5,40,45,21,12,2,13,17,108,37,10,13,8,34,42,24,7,5,15,19,97,1,2017-11-25
42,7,13,8,32,40,28,10,7,14,19,104,43,7,9,8,32,40,25,6,3,14,17,102,1,2017-11-25
35,9,23,7,36,43,18,15,6,17,20,102,33,7,13,7,34,41,19,10,7,22,23,86,1,2017-11-25
38,7,15,10,26,36,20,9,2,18,14,98,45,10,8,4,26,30,22,8,4,14,13,108,0,2017-11-25
46,12,21,13,37,50,29,9,4,12,16,125,41,11,14,8,28,36,24,7,5,12,19,107,1,2017-11-25
39,11,20,9,33,42,22,8,5,19,19,109,50,13,11,9,34,43,29,8,9,12,21,124,0,2017-11-25
41,6,12,8,33,41,27,8,1,17,17,100,42,17,14,10,39,49,25,8,6,17,23,115,0,2017-11-25
41,14,16,6,37,43,23,9,3,15,17,112,29,7,15,11,30,41,18,9,4,15,16,80,1,2017-11-25
41,6,15,10,34,44,26,9,3,16,14,103,37,6,12,12,31,43,28,9,6,15,19,92,1,2017-11-26
42,20,13,8,34,42,31,8,4,15,19,117,40,10,13,6,37,43,24,5,4,13,19,103,1,2017-11-26
34,9,14,11,37,48,15,7,7,13,24,91,34,11,19,11,41,52,20,9,7,13,19,98,0,2017-11-26
40,9,17,10,21,31,21,14,8,6,19,106,33,11,31,13,39,52,22,4,3,23,21,108,0,2017-11-27
41,12,20,8,21,29,24,9,4,17,20,114,41,18,21,12,28,40,30,9,5,19,20,121,0,2017-11-27
45,14,26,10,40,50,17,8,9,19,25,130,48,12,24,5,37,42,22,8,3,18,31,132,0,2017-11-27
33,8,15,11,37,48,21,6,5,14,20,89,30,3,12,2,34,36,17,7,9,15,24,75,1,2017-11-27
39,11,18,8,46,54,17,12,4,13,24,107,31,13,16,8,33,41,19,6,0,14,19,91,1,2017-11-27
40,16,12,5,31,36,27,2,4,17,23,108,44,11,19,8,32,40,26,8,2,8,19,118,0,2017-11-27
35,8,36,8,39,47,15,7,3,15,18,114,42,16,10,5,32,37,28,8,2,13,26,110,1,2017-11-27
34,13,15,6,32,38,16,10,5,15,16,96,39,7,9,12,35,47,16,10,2,18,20,94,1,2017-11-27
39,5,28,6,27,33,16,9,4,12,30,111,37,9,24,6,29,35,22,5,4,15,28,107,1,2017-11-27
40,9,13,11,39,50,23,8,2,15,23,102,37,8,17,8,29,37,24,12,5,9,13,99,1,2017-11-27
39,9,17,7,37,44,26,5,3,11,23,104,42,11,14,14,38,52,25,5,1,14,21,109,0,2017-11-27
36,11,20,4,31,35,20,6,4,11,20,103,33,12,16,6,30,36,14,7,2,17,22,94,1,2017-11-28
42,11,21,1,30,31,24,8,7,10,14,116,43,13,12,6,30,36,31,6,4,12,19,111,1,2017-11-28
38,14,9,10,31,41,21,7,2,12,10,99,37,11,9,7,34,41,19,6,4,15,16,94,1,2017-11-28
39,9,14,14,25,39,20,4,5,9,16,101,47,11,9,5,35,40,26,6,7,16,22,114,0,2017-11-28
46,12,9,6,43,49,24,6,4,11,19,113,40,13,13,10,36,46,26,7,5,12,20,106,1,2017-11-28
46,9,5,13,30,43,33,4,9,16,15,106,40,10,14,10,28,38,22,11,6,13,14,104,1,2017-11-29
42,12,10,10,36,46,28,8,6,7,17,106,37,11,9,5,39,44,24,5,5,11,14,94,1,2017-11-29
36,14,16,6,35,41,23,7,5,17,24,102,36,10,26,15,27,42,21,11,5,11,20,108,0,2017-11-29
48,9,8,15,34,49,25,7,7,14,16,113,42,13,12,20,32,52,24,6,6,16,19,109,1,2017-11-29
38,10,17,11,31,42,26,5,5,13,13,103,49,18,7,6,34,40,35,7,8,12,24,123,0,2017-11-29
32,11,16,8,34,42,21,10,5,15,18,91,35,10,17,7,42,49,17,9,6,18,25,97,0,2017-11-29
34,17,17,12,34,46,26,1,8,19,18,102,47,10,10,13,34,47,18,12,5,8,19,114,0,2017-11-29
35,7,25,10,38,48,18,10,9,13,12,102,45,8,9,7,34,41,34,6,3,13,25,107,0,2017-11-29
36,9,13,13,37,50,24,7,3,16,21,94,33,9,13,5,29,34,17,7,4,14,17,88,1,2017-11-29
40,12,16,7,33,40,25,7,7,16,20,108,35,16,11,15,30,45,24,11,1,19,22,97,1,2017-11-30
30,10,26,9,37,46,18,7,6,18,23,96,32,10,17,18,35,53,20,10,3,14,22,91,1,2017-11-30
31,8,15,11,35,46,13,10,5,16,20,85,47,14,17,14,40,54,31,10,4,10,19,125,0,2017-11-30
48,16,18,8,35,43,36,11,4,12,18,130,38,23,18,14,24,38,30,10,0,12,18,117,1,2017-11-30
37,10,26,12,23,35,18,9,4,16,29,110,43,10,27,11,33,44,24,11,7,21,32,123,0,2017-11-30
44,9,15,9,29,38,27,7,6,17,24,112,47,10,15,6,36,42,26,14,5,18,20,119,0,2017-11-30
35,4,22,6,33,39,15,1,4,12,17,96,46,9,13,11,40,51,19,5,6,9,26,114,0,2017-12-01
38,6,9,14,27,41,24,9,7,11,19,91,42,12,14,11,36,47,27,6,8,14,16,110,0,2017-12-01
39,9,16,15,30,45,19,9,8,11,29,103,30,7,24,16,35,51,15,4,12,17,31,91,1,2017-12-01
44,10,13,11,25,36,25,9,5,12,27,111,39,12,30,5,32,37,26,6,5,17,19,120,0,2017-12-01
42,13,18,7,33,40,24,7,3,8,19,115,42,12,16,10,41,51,24,5,3,16,18,112,1,2017-12-01
38,15,15,12,37,49,21,7,3,8,19,106,37,11,17,9,35,44,23,4,4,11,23,102,1,2017-12-01
41,7,13,6,47,53,27,9,5,21,26,102,39,6,15,7,38,45,20,11,5,13,19,99,1,2017-12-02
30,9,21,9,29,38,18,9,2,18,19,90,41,15,13,12,40,52,29,7,6,22,28,110,0,2017-12-02
42,14,18,4,27,31,32,8,6,9,16,116,48,7,8,16,31,47,24,8,1,10,19,111,1,2017-12-02
48,20,7,6,31,37,35,5,2,13,18,123,43,16,12,10,27,37,26,8,4,10,17,114,1,2017-12-02
50,15,15,8,43,51,38,2,4,7,17,130,39,6,20,7,31,38,25,3,1,3,21,104,1,2017-12-02
38,16,12,6,29,35,25,16,8,14,17,104,34,12,9,9,33,42,17,4,3,24,16,89,1,2017-12-02
33,10,21,12,32,44,21,4,1,10,17,97,39,5,12,15,35,50,15,5,7,9,22,95,1,2017-12-02
36,7,33,13,32,45,23,10,5,13,21,112,39,8,20,12,31,43,15,4,4,15,25,106,1,2017-12-02
40,8,36,10,32,42,22,9,3,7,17,124,46,12,14,7,37,44,28,4,4,14,31,118,1,2017-12-02
32,8,27,11,37,48,17,7,8,7,22,99,37,7,23,10,46,56,15,3,7,11,22,104,0,2017-12-02
40,11,15,9,27,36,24,5,4,13,22,106,42,6,25,13,34,47,18,6,6,14,21,115,0,2017-12-03
38,14,21,6,29,35,21,9,3,13,22,111,36,12,12,16,26,42,18,9,7,14,22,96,1,2017-12-03
35,5,6,17,34,51,21,4,9,16,17,81,39,6,8,8,30,38,22,10,2,10,14,92,0,2017-12-03
37,13,9,14,35,49,18,9,5,21,20,96,31,5,14,14,25,39,17,12,4,16,20,81,1,2017-12-03
43,9,14,12,35,47,30,10,6,19,16,109,36,3,16,10,27,37,21,10,5,17,16,91,1,2017-12-04
45,13,18,2,35,37,28,9,7,13,22,121,38,12,20,21,27,48,17,8,5,13,20,108,1,2017-12-04
41,10,15,2,29,31,26,10,7,18,19,107,48,11,9,7,29,36,30,16,3,15,17,116,0,2017-12-04
39,10,11,5,26,31,21,12,3,13,16,99,38,13,12,6,32,38,25,6,8,24,22,101,0,2017-12-04
44,14,12,13,42,55,29,5,4,12,17,114,30,7,11,6,28,34,20,9,4,12,14,78,1,2017-12-04
35,11,20,9,34,43,15,7,5,9,24,101,38,6,17,8,36,44,23,5,8,11,24,99,1,2017-12-04
45,14,8,6,39,45,24,6,11,14,19,112,43,7,15,13,32,45,18,9,4,10,18,108,1,2017-12-04
38,16,14,5,38,43,21,5,6,10,15,106,38,12,13,13,36,49,21,8,6,11,22,101,1,2017-12-04
43,10,15,8,37,45,25,5,3,14,20,111,35,9,21,3,25,28,17,6,2,9,17,100,1,2017-12-04
34,9,17,9,38,47,19,4,7,15,24,94,36,7,20,9,44,53,23,9,4,12,22,99,0,2017-12-04
35,11,19,7,42,49,24,3,7,13,21,100,38,7,12,17,37,54,18,6,3,12,25,95,1,2017-12-04
39,4,16,4,38,42,17,5,6,6,16,98,48,14,12,5,45,50,38,5,8,7,22,122,0,2017-12-05
48,8,19,8,35,43,23,6,7,11,21,123,41,18,19,15,38,53,26,5,2,14,23,119,1,2017-12-05
45,12,11,11,42,53,30,9,5,14,14,113,41,10,1,10,34,44,21,7,3,12,11,93,1,2017-12-06
42,9,14,9,18,27,27,9,4,14,14,107,56,10,8,8,34,42,31,8,2,17,21,130,0,2017-12-06
43,10,16,10,38,48,33,7,9,18,20,112,40,10,9,7,24,31,18,7,2,15,19,99,1,2017-12-06
36,12,13,9,44,53,25,8,8,11,15,97,34,9,13,6,39,45,19,7,5,9,12,90,1,2017-12-06
46,10,15,11,24,35,29,10,3,11,18,117,44,6,15,10,32,42,24,6,7,18,22,109,1,2017-12-06
38,10,18,15,29,44,19,8,5,11,11,104,44,8,5,16,35,51,25,6,9,14,20,101,1,2017-12-06
33,5,18,11,31,42,18,5,7,14,17,89,42,6,13,6,38,44,21,7,7,12,20,103,0,2017-12-06
42,10,15,8,33,41,30,9,1,12,15,109,37,17,9,11,27,38,24,9,7,12,14,100,1,2017-12-06
36,8,16,11,36,47,27,5,6,15,23,96,41,9,21,6,36,42,28,9,6,10,18,112,0,2017-12-06
36,6,19,10,32,42,11,9,1,16,18,97,35,7,21,5,29,34,18,8,10,14,21,98,0,2017-12-06
33,7,16,8,35,43,16,3,3,12,17,89,42,8,9,8,36,44,15,6,8,5,17,101,0,2017-12-07
33,6,31,8,40,48,21,8,8,15,13,103,37,14,9,3,30,33,23,11,5,13,30,97,1,2017-12-07
32,8,27,6,35,41,24,5,5,19,29,99,35,3,24,10,28,38,12,10,11,10,28,97,1,2017-12-07
40,6,31,10,38,48,22,8,9,21,28,117,38,9,26,12,32,44,20,8,1,15,31,111,1,2017-12-07
39,12,9,13,38,51,20,4,5,10,18,99,41,14,10,4,38,42,24,6,4,8,16,106,0,2017-12-08
48,13,8,7,38,45,31,10,7,14,14,117,41,11,14,9,33,42,26,8,4,15,12,107,1,2017-12-08
43,10,18,16,33,49,26,8,8,20,27,114,28,10,30,14,27,41,13,13,2,19,23,96,1,2017-12-08
48,12,14,18,34,52,33,5,3,11,27,122,43,5,28,11,27,38,28,4,4,7,20,119,1,2017-12-08
38,8,21,14,32,46,16,6,3,13,14,105,38,11,15,11,28,39,14,10,0,14,22,102,1,2017-12-08
32,10,14,8,37,45,15,7,3,15,18,88,37,8,13,6,39,45,18,7,9,14,20,95,0,2017-12-08
33,8,18,5,30,35,23,6,9,8,26,92,33,6,28,15,45,60,11,1,9,15,23,100,0,2017-12-08
32,10,25,3,36,39,21,5,5,15,19,99,43,11,16,11,42,53,26,6,8,11,23,113,0,2017-12-08
43,9,24,5,32,37,23,7,8,12,21,119,43,13,23,13,38,51,21,6,3,18,24,122,0,2017-12-08
45,10,16,11,34,45,32,9,4,16,18,116,33,10,18,8,27,35,20,10,3,17,20,94,1,2017-12-09
40,6,4,8,31,39,23,7,3,13,21,90,37,14,18,6,38,44,17,6,5,9,11,106,0,2017-12-09
47,16,20,12,37,49,29,5,2,16,18,130,42,8,11,4,24,28,17,7,3,12,22,103,1,2017-12-09
36,15,25,3,34,37,21,10,4,15,23,112,37,11,14,11,30,41,18,9,4,20,20,99,1,2017-12-09
36,10,15,6,38,44,21,9,3,19,20,97,36,9,13,12,32,44,19,12,8,15,11,94,1,2017-12-09
37,8,19,8,29,37,23,6,2,9,23,101,41,13,16,16,31,47,26,5,5,10,19,111,0,2017-12-09
34,10,25,9,44,53,26,4,6,14,21,103,38,4,18,12,37,49,18,8,3,10,26,98,1,2017-12-09
38,4,18,18,27,45,18,7,5,10,21,98,35,10,25,12,36,48,21,7,7,15,22,105,0,2017-12-09
40,9,24,10,31,41,22,7,4,12,21,113,43,4,20,2,30,32,16,8,8,11,20,110,1,2017-12-09
42,17,22,6,41,47,31,10,7,18,18,123,36,7,15,13,29,42,20,11,3,13,22,94,1,2017-12-10
43,11,22,8,32,40,27,12,3,14,18,119,40,16,20,7,30,37,26,9,3,14,20,116,1,2017-12-10
33,10,29,11,21,32,14,14,2,12,26,105,32,14,23,16,32,48,21,2,4,23,28,101,1,2017-12-10
40,9,15,15,35,50,24,9,4,20,18,104,36,9,11,3,20,23,28,10,3,18,21,92,1,2017-12-10
35,10,12,4,46,50,23,9,3,15,15,92,37,4,9,7,44,51,21,6,5,12,17,87,1,2017-12-10
28,10,15,11,35,46,14,7,4,9,16,81,33,11,14,9,41,50,16,4,4,13,18,91,0,2017-12-10
39,10,16,11,38,49,24,8,4,15,13,104,40,10,4,6,37,43,26,6,3,14,22,94,1,2017-12-10
44,9,15,11,30,41,19,4,4,10,21,112,44,14,15,11,32,43,23,6,5,12,18,117,0,2017-12-11
40,9,18,8,38,46,25,5,4,16,16,107,40,11,11,6,33,39,23,6,7,12,22,102,1,2017-12-11
39,13,13,8,34,42,27,8,2,13,19,104,45,12,15,7,35,42,33,9,7,12,22,117,0,2017-12-11
39,12,18,10,36,46,23,9,3,8,18,108,33,10,9,11,35,46,22,2,2,15,19,85,1,2017-12-11
35,9,28,22,36,58,13,8,3,16,20,107,41,8,21,6,34,40,27,9,5,13,25,111,0,2017-12-11
38,8,20,5,27,32,22,9,5,8,17,104,35,11,14,11,26,37,21,4,1,17,19,95,1,2017-12-12
43,10,9,12,39,51,28,8,9,13,18,105,33,12,12,6,34,40,19,7,2,12,10,90,1,2017-12-12
41,9,28,10,33,43,28,2,4,9,18,119,41,5,20,12,32,44,31,6,8,9,26,107,1,2017-12-12
33,10,15,5,35,40,18,7,4,15,23,91,35,6,21,8,39,47,18,9,7,12,16,97,0,2017-12-12
42,16,15,6,42,48,31,6,7,14,20,115,36,11,18,10,33,43,20,8,2,11,15,101,1,2017-12-12
39,7,19,11,36,47,24,7,4,21,22,104,36,10,21,17,23,40,18,11,3,16,22,103,1,2017-12-12
37,12,18,11,32,43,21,10,4,17,21,104,41,10,19,12,28,40,23,11,4,13,23,111,0,2017-12-12
38,10,18,5,38,43,24,12,4,11,24,104,34,12,21,9,37,46,20,6,5,15,19,101,1,2017-12-12
43,7,18,7,38,45,20,7,4,19,31,111,31,3,30,17,29,46,17,9,4,19,19,95,1,2017-12-13
38,6,15,10,35,45,25,6,6,10,22,97,36,14,17,4,39,43,25,7,9,10,17,103,0,2017-12-13
36,9,14,15,32,47,24,2,5,17,25,95,36,10,20,8,26,34,19,9,5,7,22,102,0,2017-12-13
54,4,13,14,27,41,26,9,6,11,22,125,41,12,25,12,28,40,32,7,3,15,21,119,1,2017-12-13
47,11,19,4,26,30,29,10,7,13,20,124,45,9,19,20,28,48,22,8,4,15,20,118,1,2017-12-13
37,8,13,7,34,41,18,5,7,13,15,95,43,17,15,10,37,47,24,10,5,13,20,118,0,2017-12-13
40,9,19,11,37,48,24,10,7,12,13,108,28,7,9,9,32,41,16,5,3,20,19,72,1,2017-12-13
54,7,5,11,34,45,26,11,5,8,16,120,32,7,16,6,31,37,15,4,1,22,14,87,1,2017-12-14
50,15,11,13,34,47,32,11,3,12,24,126,37,9,23,13,26,39,29,6,5,16,14,106,1,2017-12-14
51,12,20,8,40,48,35,8,9,20,16,134,39,13,20,14,21,35,26,12,1,12,18,111,1,2017-12-14
30,5,14,8,30,38,19,8,6,16,26,79,31,11,22,7,36,43,20,8,5,13,18,95,0,2017-12-14
38,6,21,4,44,48,24,3,5,10,19,103,41,5,18,9,42,51,24,6,7,6,24,105,0,2017-12-14
43,13,28,8,32,40,28,11,4,10,17,127,42,13,13,13,30,43,25,5,5,15,29,110,1,2017-12-14
32,8,15,11,30,41,18,3,3,11,20,87,39,13,20,11,37,48,27,7,0,10,18,111,0,2017-12-14
34,6,21,6,35,41,22,6,8,16,22,95,35,4,18,7,27,34,17,9,2,9,16,92,1,2017-12-15
35,12,21,9,41,50,22,5,8,15,28,103,32,5,29,9,37,46,16,7,4,9,21,98,1,2017-12-15
35,6,22,9,33,42,16,11,4,13,27,98,31,6,22,8,40,48,21,7,9,21,22,90,1,2017-12-15
34,12,17,7,22,29,26,7,2,9,17,97,43,8,15,6,37,43,21,6,7,15,20,109,0,2017-12-15
49,6,13,14,27,41,32,11,8,5,17,117,39,7,16,10,24,34,22,3,2,16,16,101,1,2017-12-15
44,8,17,11,32,43,29,5,10,14,19,113,43,12,18,5,31,36,29,6,6,12,17,116,0,2017-12-15
30,3,15,5,31,36,20,6,5,9,14,78,38,9,12,12,38,50,23,5,4,9,20,97,0,2017-12-15
35,9,16,2,29,31,20,10,5,8,18,95,40,13,14,9,46,55,19,6,2,15,20,107,0,2017-12-15
40,11,17,15,36,51,24,4,10,16,15,108,43,7,9,11,26,37,19,10,9,7,21,102,1,2017-12-15
42,13,6,6,26,32,27,3,2,18,24,103,40,8,18,7,27,34,23,9,4,10,17,106,0,2017-12-16
37,7,12,11,43,54,15,6,4,15,17,93,39,14,8,9,44,53,17,6,6,16,20,100,0,2017-12-16
34,10,20,10,25,35,17,12,4,20,15,98,46,7,16,12,26,38,35,14,6,14,19,115,0,2017-12-16
32,14,15,10,28,38,18,8,3,13,19,93,39,14,10,14,28,42,21,6,6,16,19,102,0,2017-12-16
37,7,13,6,46,52,25,7,6,17,25,94,39,9,8,4,36,40,23,9,2,8,14,95,0,2017-12-16
35,7,14,12,38,50,21,5,7,14,23,91,31,10,28,14,36,50,18,11,5,8,17,100,0,2017-12-16
49,14,15,14,32,46,29,5,2,19,28,127,47,15,22,14,31,45,25,11,2,17,26,131,0,2017-12-17
34,10,28,17,28,45,25,12,8,12,21,106,34,6,16,12,32,44,22,8,6,21,25,90,1,2017-12-17
39,7,13,12,30,42,21,7,10,15,17,98,35,8,12,9,26,35,27,11,4,12,16,90,1,2017-12-17
37,15,8,8,35,43,25,11,5,17,18,97,29,13,10,8,31,39,24,12,1,17,15,81,1,2017-12-17
32,15,20,14,24,38,15,5,7,10,19,99,40,7,17,13,35,48,14,4,4,12,19,104,0,2017-12-17
39,13,10,13,34,47,23,5,5,13,30,101,36,12,18,17,30,47,18,7,5,10,21,102,0,2017-12-17
37,7,30,9,29,38,14,12,3,12,16,111,44,16,8,6,32,38,26,6,4,19,31,112,0,2017-12-18
47,7,23,11,38,49,21,9,7,13,25,124,43,11,23,5,29,34,24,10,3,15,23,120,1,2017-12-18
37,6,13,12,26,38,20,7,7,15,12,93,40,6,8,10,32,42,23,8,5,15,21,94,0,2017-12-18
35,13,12,10,25,35,21,8,2,14,11,95,51,11,7,9,33,42,33,9,7,12,14,120,0,2017-12-18
45,7,16,9,40,49,26,7,10,19,20,113,48,13,13,9,35,44,28,10,5,13,22,122,0,2017-12-18
49,15,7,8,34,42,31,3,0,17,21,120,49,11,17,4,30,34,39,15,6,8,16,126,0,2017-12-18
45,10,22,17,24,41,21,7,3,10,25,122,38,11,25,12,28,40,19,7,5,14,26,112,1,2017-12-18
41,11,10,7,37,44,21,15,6,15,16,103,35,7,12,9,37,46,22,11,2,23,23,89,1,2017-12-18
48,9,16,6,36,42,27,9,5,12,21,121,41,7,14,8,28,36,19,7,5,14,20,103,1,2017-12-18
38,11,20,8,34,42,26,6,8,9,19,107,36,2,21,10,33,43,22,5,4,14,17,95,1,2017-12-19
52,10,13,15,41,56,30,6,2,5,17,127,37,13,12,8,29,37,26,0,4,13,15,99,1,2017-12-19
43,10,19,4,39,43,27,7,5,10,16,115,41,14,12,4,36,40,25,7,0,11,19,108,1,2017-12-19
42,11,17,14,36,50,24,6,6,20,13,112,39,12,15,8,27,35,23,15,6,16,19,105,1,2017-12-19
46,10,14,10,40,50,33,5,7,16,27,116,39,10,18,10,27,37,29,7,5,8,17,106,1,2017-12-20
39,10,9,6,38,44,16,5,4,14,18,97,37,7,14,9,37,46,19,12,5,11,15,95,1,2017-12-20
44,14,17,13,47,60,29,4,4,14,17,119,34,5,11,7,28,35,22,7,1,7,18,84,1,2017-12-20
35,13,14,11,39,50,23,6,7,22,20,97,37,8,23,8,40,48,25,17,4,12,25,105,0,2017-12-20
53,12,9,13,33,46,36,11,5,15,27,127,36,13,24,17,30,47,18,8,8,20,15,109,1,2017-12-20
44,13,18,9,42,51,27,2,7,16,23,119,45,12,19,11,36,47,33,9,7,9,20,121,0,2017-12-20
39,17,19,12,31,43,24,6,6,7,19,114,40,8,12,8,34,42,23,7,7,11,17,100,1,2017-12-20
28,8,18,6,25,31,17,6,1,14,22,82,37,14,19,2,33,35,24,8,8,13,22,107,0,2017-12-20
30,13,16,5,39,44,18,5,5,10,22,89,33,10,14,6,40,46,23,6,3,12,16,90,0,2017-12-20
39,10,12,8,36,44,24,4,0,13,16,100,47,13,10,5,36,41,27,9,7,11,15,117,0,2017-12-20
34,6,24,11,34,45,18,6,6,8,14,98,33,8,11,12,33,45,16,4,2,12,24,85,1,2017-12-20
38,7,13,6,42,48,22,6,3,11,14,96,31,13,8,8,32,40,11,2,6,14,24,83,1,2017-12-21
41,15,11,12,30,42,22,7,2,16,20,108,40,9,16,7,29,36,15,9,3,13,13,105,1,2017-12-21
49,12,12,5,37,42,26,4,6,7,18,122,38,14,15,15,34,49,25,5,5,7,19,105,1,2017-12-21
42,15,22,8,35,43,25,7,8,14,18,121,40,16,13,10,25,35,22,4,9,14,23,109,1,2017-12-21
42,8,11,9,30,39,28,9,4,10,23,103,34,12,17,16,33,49,20,3,5,11,16,97,1,2017-12-21
36,8,22,11,38,49,13,8,3,17,20,102,33,13,14,9,26,35,17,11,1,10,20,93,1,2017-12-21
38,12,19,15,29,44,24,10,5,14,19,107,39,5,20,8,31,39,14,11,7,19,26,103,1,2017-12-21
48,13,10,12,42,54,25,10,6,15,20,119,30,5,14,9,30,39,14,7,3,15,18,79,1,2017-12-22
47,10,19,7,34,41,31,8,9,8,25,123,42,16,19,18,33,51,24,2,2,10,20,119,1,2017-12-22
36,9,12,6,38,44,21,7,8,15,22,93,31,10,15,10,37,47,18,6,2,16,23,87,1,2017-12-22
36,13,18,12,41,53,23,7,6,12,16,103,36,11,11,15,39,54,22,4,4,14,19,94,1,2017-12-22
36,10,12,6,42,48,23,8,7,15,22,94,29,11,11,6,30,36,18,7,4,14,19,80,1,2017-12-22
35,6,20,9,31,40,22,7,3,7,20,96,38,6,18,10,49,59,22,4,6,16,23,100,0,2017-12-22
37,14,7,4,34,38,27,5,3,19,19,95,39,15,19,14,39,53,18,11,4,11,14,112,0,2017-12-22
31,8,7,8,40,48,18,3,5,19,15,77,38,1,10,14,38,52,25,8,3,11,14,87,0,2017-12-23
41,7,20,5,38,43,18,7,5,12,14,109,39,12,7,12,33,45,23,5,0,13,18,97,1,2017-12-23
47,10,9,10,34,44,26,9,4,17,20,113,39,15,9,4,28,32,27,8,4,17,19,102,1,2017-12-23
34,13,22,14,34,48,22,13,6,16,18,103,37,11,14,10,33,43,19,11,3,15,23,99,1,2017-12-23
42,18,16,10,39,49,26,9,0,15,10,118,42,7,6,6,30,36,18,9,7,14,17,97,1,2017-12-23
35,9,21,6,36,42,25,15,8,13,19,100,33,10,16,15,34,49,21,8,2,18,21,92,1,2017-12-23
40,7,12,11,23,34,17,12,1,8,25,99,35,12,24,18,39,57,20,4,8,20,19,106,0,2017-12-23
37,4,14,12,40,52,21,8,7,19,15,92,42,12,12,17,42,59,23,12,3,14,20,108,0,2017-12-23
38,10,18,14,32,46,22,8,4,20,21,104,41,5,16,9,33,42,25,12,6,14,22,103,1,2017-12-23
44,12,17,8,38,46,29,9,5,5,18,117,34,7,17,12,39,51,24,4,2,15,16,92,1,2017-12-23
35,9,18,14,31,45,20,2,1,12,16,97,48,11,13,8,34,42,20,9,1,6,22,120,0,2017-12-23
33,13,22,6,36,42,20,6,7,16,27,101,33,10,16,18,32,50,17,5,1,12,25,92,1,2017-12-23
46,17,9,9,34,43,21,7,6,9,16,118,37,16,21,12,31,43,21,6,3,13,15,111,1,2017-12-25
36,7,18,9,36,45,19,7,2,18,19,97,37,11,7,6,27,33,23,6,5,10,22,92,1,2017-12-25
48,12,22,10,42,52,26,12,2,12,32,130,27,6,28,4,32,36,19,8,3,19,27,88,1,2017-12-25
39,14,11,8,37,45,20,2,4,16,23,103,43,6,19,14,33,47,26,6,4,8,17,111,0,2017-12-25
45,14,11,12,33,45,27,9,4,17,14,115,41,7,13,16,23,39,23,14,2,11,18,102,1,2017-12-25
48,10,13,11,40,51,24,5,9,18,20,119,45,15,17,10,38,48,21,10,5,16,19,122,0,2017-12-25
43,16,17,8,31,39,28,5,3,9,14,119,42,17,11,8,31,39,28,3,3,9,20,112,1,2017-12-26
36,12,12,10,33,43,21,12,6,21,24,96,34,12,14,7,28,35,27,12,5,17,19,94,1,2017-12-26
46,10,22,3,25,28,32,7,4,15,18,124,58,14,18,16,36,52,37,9,2,13,23,148,0,2017-12-26
49,10,18,11,29,40,24,6,2,11,17,126,43,17,13,19,28,47,24,7,5,21,20,116,1,2017-12-26
43,10,26,12,33,45,26,5,8,13,21,122,48,6,13,6,30,36,25,7,5,10,27,115,1,2017-12-26
48,17,15,6,37,43,40,8,9,10,15,128,41,19,12,10,33,43,26,8,3,15,18,113,1,2017-12-26
40,12,23,9,30,39,26,8,6,12,19,115,38,9,15,17,35,52,21,5,2,21,24,100,1,2017-12-26
39,8,18,9,35,44,27,5,2,23,22,104,37,9,26,10,28,38,24,13,3,15,24,109,0,2017-12-26
47,7,15,4,32,36,21,12,3,7,12,116,42,11,10,11,29,40,18,4,5,13,17,105,1,2017-12-26
32,7,20,19,33,52,15,7,3,11,11,91,37,15,13,6,37,43,20,4,7,15,20,102,0,2017-12-27
47,8,12,13,32,45,23,11,4,9,19,114,35,6,26,6,35,41,19,6,3,18,14,102,1,2017-12-27
38,9,10,8,41,49,17,8,2,6,19,95,35,7,12,10,39,49,20,4,5,10,11,89,1,2017-12-27
39,10,14,11,33,44,21,12,4,13,16,102,34,7,9,8,33,41,20,7,7,18,23,84,1,2017-12-27
46,15,18,8,23,31,31,5,1,19,25,125,49,10,24,14,25,39,27,11,2,17,24,132,0,2017-12-27
35,14,16,7,35,42,23,7,5,16,20,100,40,14,14,4,33,37,28,9,6,11,21,108,0,2017-12-27
30,3,24,12,31,43,12,9,3,11,18,87,39,11,22,8,46,54,25,8,4,18,23,111,0,2017-12-27
49,10,10,16,27,43,33,12,4,12,12,118,45,12,6,9,27,36,25,6,6,16,17,108,1,2017-12-27
40,11,4,11,31,42,18,11,7,13,21,95,36,13,15,17,35,52,26,10,6,13,12,100,0,2017-12-27
37,11,24,12,45,57,17,5,4,21,18,109,36,7,12,6,32,38,19,11,4,13,29,91,1,2017-12-27
41,8,15,7,30,37,20,9,4,11,17,105,41,9,17,6,35,41,18,3,6,16,16,108,0,2017-12-28
37,8,17,10,34,44,18,9,8,17,22,99,30,14,24,7,36,43,16,9,3,16,23,98,1,2017-12-28
35,10,20,11,35,46,20,6,9,16,25,100,33,10,26,12,36,48,21,7,7,13,23,102,0,2017-12-28
39,14,8,8,50,58,26,10,4,15,16,100,33,8,8,8,38,46,17,8,6,12,12,82,1,2017-12-28
46,12,14,10,34,44,28,12,7,22,27,118,45,9,24,12,34,46,19,17,7,19,17,123,0,2017-12-28
37,9,3,10,35,45,22,13,7,12,16,86,35,14,9,6,39,45,19,7,8,17,10,93,0,2017-12-29
39,14,12,10,31,41,21,12,6,19,19,104,36,7,14,6,35,41,14,9,1,20,17,93,1,2017-12-29
46,13,10,8,36,44,27,13,4,20,11,115,43,13,9,8,29,37,27,13,1,16,15,108,1,2017-12-29
31,7,22,18,44,62,20,5,4,13,15,91,32,11,11,7,33,40,22,10,5,10,23,86,1,2017-12-29
35,8,17,11,32,43,27,5,6,13,17,95,40,7,18,8,29,37,19,5,5,9,18,105,0,2017-12-29
35,10,9,13,36,49,27,3,1,10,17,89,36,10,10,9,35,44,23,5,4,7,16,92,0,2017-12-29
38,5,28,8,24,32,20,14,5,17,22,109,39,9,18,9,25,34,31,12,2,21,26,105,1,2017-12-29
36,9,17,10,42,52,17,7,10,13,22,98,35,6,19,19,33,52,16,5,5,12,18,95,1,2017-12-29
35,14,19,16,28,44,19,5,4,9,26,103,36,9,23,14,32,46,11,4,5,11,19,104,0,2017-12-29
32,9,22,11,34,45,16,9,6,20,22,95,45,14,14,7,36,43,17,10,4,15,23,118,0,2017-12-29
41,10,13,15,29,44,23,9,3,11,19,105,35,7,22,12,33,45,22,5,12,14,15,99,1,2017-12-30
37,5,26,14,36,50,21,7,5,9,26,105,34,11,23,9,31,40,20,5,7,12,26,102,1,2017-12-30
39,5,15,9,32,41,14,5,2,7,14,98,39,10,8,4,34,38,23,4,4,9,16,96,1,2017-12-30
43,13,13,6,39,45,32,12,8,12,18,112,38,8,14,11,42,53,20,7,5,16,16,98,1,2017-12-30
28,15,16,15,36,51,19,6,6,18,18,87,36,9,14,12,38,50,16,11,6,12,20,95,0,2017-12-30
41,8,9,9,34,43,21,7,3,11,21,99,43,9,15,6,40,46,24,7,5,14,21,110,0,2017-12-31
37,14,10,4,34,38,22,3,3,19,23,98,36,1,24,7,25,32,10,9,4,8,12,97,1,2017-12-31
42,15,22,4,41,45,27,2,3,10,14,121,40,14,10,7,36,43,31,5,6,6,23,104,1,2017-12-31
22,10,15,12,35,47,16,9,5,19,16,69,39,13,10,11,41,52,28,16,8,11,17,101,0,2017-12-31
45,9,17,3,36,39,32,11,3,12,24,116,35,9,22,10,32,42,22,3,2,16,26,101,1,2017-12-31
39,9,17,23,37,60,25,6,2,17,23,104,35,11,21,3,26,29,23,9,5,10,21,102,1,2017-12-31
37,14,12,11,32,43,23,7,4,12,21,100,42,4,17,11,35,46,25,8,4,11,12,105,0,2017-12-31
39,14,16,8,42,50,21,7,8,17,22,108,39,11,16,11,34,45,25,5,4,9,19,105,1,2017-12-31
38,10,8,7,32,39,27,8,4,15,17,94,40,8,10,4,31,35,26,7,3,9,12,98,0,2017-12-31
47,15,23,4,29,33,28,3,4,9,18,132,47,15,20,10,23,33,32,4,5,6,23,129,1,2018-01-01
39,12,23,11,44,55,22,8,2,16,27,113,43,10,18,8,43,51,19,7,12,15,27,114,0,2018-01-01
33,10,14,13,30,43,20,3,5,16,18,90,41,4,21,13,31,44,20,11,8,7,20,107,0,2018-01-01
32,11,38,5,38,43,17,8,2,12,21,113,36,8,22,7,36,43,17,7,2,12,29,102,1,2018-01-01
43,16,14,10,42,52,29,9,3,16,20,116,23,4,19,12,19,31,9,8,2,13,21,69,1,2018-01-01
34,12,17,3,45,48,21,8,0,11,19,97,36,7,12,7,47,54,20,7,6,12,19,91,1,2018-01-02
43,15,20,8,31,39,32,10,5,14,16,121,47,9,9,16,33,49,33,7,3,18,20,112,1,2018-01-02
46,16,5,2,33,35,25,3,3,11,15,113,38,17,8,3,19,22,28,5,2,8,12,101,1,2018-01-02
42,11,20,15,37,52,19,4,6,17,20,115,44,11,18,7,29,36,23,6,6,12,26,117,0,2018-01-02
49,9,18,8,39,47,30,12,5,10,27,125,38,13,25,7,34,41,24,2,5,15,22,114,1,2018-01-02
41,12,8,9,43,52,27,9,2,15,20,102,31,8,18,9,39,48,16,6,7,14,17,88,1,2018-01-03
32,12,16,7,34,41,18,2,5,18,20,92,42,11,11,11,33,44,20,16,6,9,22,106,0,2018-01-03
47,11,15,12,26,38,29,7,9,20,27,120,38,7,26,15,22,37,20,11,2,19,20,109,1,2018-01-03
51,10,15,12,27,39,31,10,3,6,18,127,44,12,7,7,26,33,32,3,5,17,20,107,1,2018-01-03
44,18,9,11,37,48,27,5,4,13,26,115,42,11,21,8,33,41,25,7,5,9,17,116,0,2018-01-03
41,13,24,7,42,49,27,9,5,16,20,119,35,12,16,9,29,38,20,8,5,14,22,98,1,2018-01-03
41,16,8,13,35,48,24,3,6,14,23,106,44,8,21,12,32,44,17,7,5,8,16,117,0,2018-01-03
44,9,25,6,28,34,33,8,5,16,23,122,41,3,16,8,22,30,24,7,2,14,20,101,1,2018-01-03
42,10,18,6,32,38,29,5,2,15,19,112,43,9,12,7,23,30,31,8,3,10,17,107,1,2018-01-03
42,7,22,11,31,42,22,14,10,23,22,113,34,14,12,10,22,32,19,11,1,24,23,94,1,2018-01-03
27,7,26,12,35,47,15,8,3,14,18,87,30,7,11,8,28,36,17,8,5,14,28,78,1,2018-01-03
35,10,3,7,31,38,23,6,2,16,11,83,40,14,11,9,39,48,23,6,2,14,13,105,0,2018-01-03
27,12,14,2,33,35,19,11,2,17,11,80,48,10,8,11,43,54,24,10,4,13,14,114,0,2018-01-03
37,17,25,12,35,47,19,7,5,14,30,116,40,15,27,10,37,47,27,8,5,10,25,122,0,2018-01-04
38,4,24,15,28,43,18,7,7,13,22,104,40,13,20,9,30,39,21,8,7,11,28,113,0,2018-01-04
47,13,7,9,28,37,33,6,16,9,18,114,42,13,13,10,30,40,26,6,6,11,16,110,1,2018-01-05
35,11,9,16,42,58,23,10,5,17,19,90,35,9,17,5,47,52,23,9,4,13,9,96,0,2018-01-05
42,9,23,9,36,45,31,5,4,14,16,116,38,13,16,6,27,33,27,7,5,11,20,105,1,2018-01-05
46,13,18,3,33,36,40,6,3,12,16,123,43,9,17,6,32,38,28,4,0,13,20,112,1,2018-01-05
44,7,14,8,32,40,30,9,5,16,23,109,34,7,21,5,29,34,18,11,4,17,24,96,1,2018-01-05
38,6,9,17,39,56,24,6,4,10,22,91,28,7,21,9,34,43,15,6,5,12,15,84,1,2018-01-05
39,7,26,6,35,41,23,6,5,10,15,111,37,15,15,10,34,44,22,2,1,14,29,104,1,2018-01-05
40,11,11,8,39,47,23,9,3,17,29,102,32,10,14,15,34,49,18,11,4,12,18,88,1,2018-01-05
41,10,12,9,36,45,25,8,1,23,17,104,43,11,10,11,28,39,23,15,3,12,17,107,0,2018-01-05
28,6,29,7,38,45,18,9,5,16,20,91,36,3,14,6,46,52,17,8,5,19,25,89,1,2018-01-06
34,9,24,18,32,50,16,11,4,15,22,101,37,14,16,10,27,37,23,12,6,16,26,104,0,2018-01-06
36,2,11,9,32,41,19,7,4,17,25,85,38,10,22,11,34,45,29,9,6,13,19,108,0,2018-01-06
43,1,19,12,33,45,13,7,3,14,23,106,43,13,15,6,31,37,25,6,6,15,25,114,0,2018-01-06
45,9,22,13,27,40,18,16,6,14,15,121,42,16,12,12,27,39,25,10,2,23,25,112,1,2018-01-06
42,8,28,4,27,31,28,8,6,8,19,120,46,22,14,5,38,43,27,5,4,15,23,128,0,2018-01-06
37,11,20,8,38,46,21,6,3,18,25,105,40,13,17,13,30,43,29,8,1,14,24,110,0,2018-01-06
36,8,12,11,44,55,23,8,3,17,22,92,39,10,7,9,38,47,19,7,8,11,15,95,0,2018-01-06
46,6,12,13,39,52,17,9,7,16,23,110,40,11,15,11,38,49,25,7,3,17,16,106,1,2018-01-06
30,6,19,12,43,55,11,2,11,16,14,85,37,5,8,12,32,44,12,8,13,4,17,87,0,2018-01-06
48,14,20,2,30,32,36,3,2,13,20,130,45,8,20,3,30,33,32,9,5,10,20,118,1,2018-01-07
36,9,16,6,26,32,19,7,5,12,25,97,51,15,12,9,42,51,30,7,6,11,21,129,0,2018-01-07
37,7,6,11,32,43,24,10,3,12,13,87,43,12,7,7,44,51,27,8,3,18,17,105,0,2018-01-07
36,9,13,9,29,38,11,11,7,13,12,94,41,14,13,8,35,43,26,7,2,14,18,109,0,2018-01-08
43,10,17,11,34,45,18,4,4,11,20,113,46,15,9,8,28,36,26,5,5,7,18,116,0,2018-01-08
38,13,23,2,40,42,18,8,6,12,17,112,42,11,11,9,37,46,28,7,1,11,23,106,1,2018-01-08
40,10,14,13,24,37,21,10,1,12,16,104,49,11,12,7,35,42,30,9,4,15,13,121,0,2018-01-08
34,8,12,5,42,47,22,4,3,11,16,88,44,19,13,6,47,53,28,6,5,8,19,120,0,2018-01-08
45,15,15,11,28,39,33,13,3,13,21,120,42,11,12,10,29,39,20,6,4,17,19,107,1,2018-01-08
46,10,17,6,41,47,31,10,3,15,19,119,42,12,17,13,34,47,28,6,3,15,22,113,1,2018-01-08
34,7,27,7,36,43,27,8,7,12,28,102,30,9,27,14,38,52,19,7,8,20,24,96,1,2018-01-08
42,8,16,8,28,36,29,13,5,13,16,108,34,4,10,9,28,37,23,7,5,25,24,82,1,2018-01-08
41,17,18,9,31,40,33,7,6,12,13,117,45,13,7,10,29,39,39,7,2,12,24,110,1,2018-01-08
41,15,13,2,37,39,24,4,4,19,25,110,40,10,25,13,30,43,24,12,6,8,17,115,0,2018-01-09
46,6,18,12,38,50,27,7,8,12,16,116,36,12,14,9,27,36,19,4,4,14,24,98,1,2018-01-09
36,9,11,9,43,52,27,9,8,19,17,92,26,7,14,12,32,44,16,8,8,12,21,73,1,2018-01-09
40,11,29,11,29,40,23,8,7,11,29,120,39,12,21,16,30,46,13,4,2,18,30,111,1,2018-01-10
37,10,16,14,43,57,17,6,7,11,11,100,36,7,7,10,36,46,17,4,4,8,16,86,1,2018-01-10
42,8,19,14,25,39,26,6,4,11,17,111,46,7,17,11,26,37,23,10,7,10,21,116,0,2018-01-10
38,8,26,10,29,39,25,8,6,12,23,110,36,7,25,8,34,42,19,9,6,19,28,104,1,2018-01-10
32,11,29,11,34,45,16,5,3,11,23,104,42,9,26,8,43,51,27,5,10,9,24,119,0,2018-01-10
33,11,8,12,30,42,15,6,3,14,24,85,41,9,16,10,39,49,25,7,10,16,20,107,0,2018-01-10
35,8,21,22,27,49,14,5,4,11,26,99,35,5,34,5,32,37,20,3,9,10,20,109,0,2018-01-10
34,8,12,9,27,36,18,12,5,15,26,88,29,6,28,9,34,43,14,6,4,19,16,92,0,2018-01-10
52,21,15,7,34,41,33,5,1,15,21,140,54,19,11,4,31,35,33,7,4,11,19,138,1,2018-01-11
43,9,19,5,33,38,27,6,2,4,22,114,36,11,16,9,32,41,27,2,4,13,23,99,1,2018-01-11
33,3,12,11,33,44,15,8,4,11,23,81,46,16,21,14,48,62,26,6,6,12,17,129,0,2018-01-11
38,11,16,3,34,37,20,12,4,19,19,103,43,13,15,11,35,46,24,11,2,18,18,114,0,2018-01-11
39,17,17,6,41,47,28,8,5,17,21,112,42,7,10,6,36,42,25,12,4,10,17,101,1,2018-01-11
43,12,11,10,38,48,35,9,6,19,28,109,31,9,23,17,26,43,24,13,3,15,16,94,1,2018-01-11
49,18,32,15,28,43,29,7,9,11,33,148,53,10,26,15,39,54,31,6,4,14,32,142,1,2018-01-11
44,13,19,15,25,40,24,11,5,19,18,120,44,15,14,7,20,27,28,12,3,15,24,117,1,2018-01-12
43,10,15,4,39,43,16,6,5,11,22,111,39,15,22,3,36,39,23,7,7,8,22,115,0,2018-01-12
38,14,10,8,38,46,28,3,2,17,21,100,37,17,17,7,31,38,25,5,10,10,16,108,0,2018-01-12
33,7,19,4,32,36,18,10,8,11,21,92,36,5,13,18,39,57,24,7,4,18,21,90,1,2018-01-12
35,13,12,6,41,47,23,3,1,14,28,95,34,9,23,7,35,42,24,8,4,9,20,100,0,2018-01-12
43,6,19,8,43,51,26,7,4,23,19,111,35,10,23,8,29,37,16,12,1,11,24,103,1,2018-01-12
51,18,13,8,36,44,33,5,6,13,16,133,40,6,8,5,23,28,22,9,4,13,15,94,1,2018-01-12
36,9,20,10,34,44,20,5,8,14,18,101,35,7,18,12,31,43,22,7,7,11,22,95,1,2018-01-13
37,16,17,6,36,42,20,4,4,12,18,107,46,15,16,6,37,43,31,8,4,9,17,123,0,2018-01-13
35,9,19,4,29,33,22,7,2,3,11,98,46,12,4,8,40,48,27,3,5,9,17,108,0,2018-01-13
42,11,23,8,43,51,24,9,4,15,20,118,46,10,11,13,42,55,29,7,10,15,26,113,1,2018-01-13
35,9,7,10,36,46,24,8,10,20,14,86,37,4,16,7,34,41,14,14,1,10,15,94,0,2018-01-13
46,7,14,8,28,36,24,7,9,15,24,113,45,13,20,6,31,37,20,10,5,13,23,123,0,2018-01-13
40,7,27,7,34,41,26,14,5,17,24,114,34,8,20,9,28,37,18,12,4,24,25,96,1,2018-01-13
34,16,26,9,29,38,21,6,3,9,23,110,32,6,22,12,35,47,21,4,5,17,32,92,1,2018-01-13
41,9,15,6,30,36,28,9,5,15,18,106,36,13,11,7,31,38,21,4,3,20,18,96,1,2018-01-14
41,5,9,16,32,48,16,10,8,15,16,96,35,15,14,13,31,44,25,6,3,16,12,99,0,2018-01-14
41,11,20,16,37,53,28,7,7,11,21,113,35,9,20,9,31,40,24,6,5,13,24,99,1,2018-01-14
26,8,32,11,37,48,15,7,2,13,19,92,26,11,16,6,32,38,16,7,2,13,27,79,1,2018-01-14
47,5,15,9,29,38,25,9,1,9,24,114,42,8,20,13,27,40,21,6,7,14,18,112,1,2018-01-15
38,9,15,7,36,43,21,3,4,6,19,100,37,13,14,7,39,46,23,1,3,15,18,101,0,2018-01-15
46,11,13,19,37,56,26,8,7,9,18,116,42,9,16,9,38,47,24,5,10,13,24,109,1,2018-01-15
34,11,23,8,41,49,20,7,9,8,16,102,33,8,13,7,37,44,18,5,6,14,22,87,1,2018-01-15
38,11,9,16,29,45,24,5,4,17,10,96,56,14,7,7,37,44,36,12,5,9,17,133,0,2018-01-15
40,14,10,13,32,45,29,12,3,13,16,104,36,7,10,15,31,46,19,9,8,20,18,89,1,2018-01-15
36,9,21,11,26,37,19,12,9,15,19,102,35,12,19,10,34,44,25,10,3,23,24,101,1,2018-01-15
40,8,17,15,32,47,23,10,3,18,23,105,38,8,18,5,30,35,17,10,3,16,24,102,1,2018-01-15
44,14,12,6,35,41,29,6,2,12,25,114,40,17,24,8,30,38,26,7,6,9,19,121,0,2018-01-15
39,10,19,14,40,54,22,6,3,8,17,107,34,12,17,5,36,41,19,5,6,12,25,97,1,2018-01-15
37,5,10,11,36,47,20,5,6,17,19,89,37,8,21,8,35,43,23,11,6,14,17,103,0,2018-01-15
40,11,21,18,33,51,23,6,3,9,20,112,45,16,14,10,31,41,24,6,3,7,28,120,0,2018-01-15
38,9,17,14,31,45,27,7,7,18,15,102,38,11,7,18,26,44,16,15,7,16,23,94,1,2018-01-15
47,17,12,4,31,35,26,9,2,11,23,123,42,10,26,5,37,42,19,3,2,12,15,120,1,2018-01-16
40,19,14,12,41,53,27,7,3,18,24,113,45,7,19,13,42,55,28,11,6,15,14,116,0,2018-01-16
38,7,16,8,35,43,22,12,5,21,18,99,30,9,13,12,23,35,13,9,2,20,16,82,1,2018-01-17
41,12,21,14,36,50,27,15,6,10,17,115,35,5,14,9,31,40,16,7,3,19,22,89,1,2018-01-17
39,11,15,6,45,51,23,5,10,13,24,104,39,6,22,12,36,48,15,6,7,6,19,106,0,2018-01-17
38,9,9,12,34,46,24,7,3,16,19,94,42,12,12,16,40,56,26,10,3,14,17,108,0,2018-01-17
40,7,22,16,34,50,12,7,4,4,18,109,37,16,18,8,37,45,27,1,5,12,25,108,1,2018-01-17
45,6,9,6,32,38,28,7,3,12,19,105,37,9,13,11,29,40,18,5,2,16,14,96,1,2018-01-17
43,16,11,9,43,52,31,11,5,8,17,113,33,7,15,5,38,43,19,4,8,15,15,88,1,2018-01-17
42,8,11,6,30,36,20,5,2,13,15,103,44,12,10,9,34,43,29,9,3,10,23,110,0,2018-01-17
43,16,19,6,35,41,34,5,9,17,25,121,47,15,13,10,33,43,28,9,5,12,16,122,0,2018-01-17
40,10,13,9,27,36,26,10,2,15,20,103,44,15,13,6,27,33,30,7,4,15,15,116,0,2018-01-17
43,13,11,6,38,44,30,11,5,15,20,110,30,8,21,11,28,39,14,7,5,16,16,89,1,2018-01-18
30,7,13,3,28,31,13,7,5,19,20,80,34,6,15,8,33,41,18,10,5,22,20,89,0,2018-01-18
36,9,16,10,35,45,23,4,6,9,21,97,40,10,18,14,40,54,22,4,5,9,20,108,0,2018-01-18
45,18,9,9,31,40,19,3,3,14,23,117,38,10,22,11,26,37,19,9,5,9,21,108,1,2018-01-18
43,12,18,3,41,44,28,9,6,9,17,116,33,8,17,11,34,45,18,5,2,14,19,91,1,2018-01-19
38,9,12,14,26,40,27,13,6,12,18,97,40,12,18,6,38,44,25,6,4,16,23,110,0,2018-01-19
40,14,16,8,37,45,23,10,5,7,15,110,29,5,17,8,35,43,15,3,1,16,21,80,1,2018-01-19
40,10,12,17,23,40,26,14,3,20,23,102,40,6,22,6,31,37,18,17,3,22,22,108,0,2018-01-19
43,8,31,9,37,46,30,7,8,14,22,125,42,7,25,14,37,51,23,9,5,14,33,116,1,2018-01-19
45,16,14,16,35,51,26,8,4,17,19,120,47,18,16,10,39,49,29,6,8,18,23,128,0,2018-01-19
47,12,15,16,38,54,27,7,5,13,16,121,41,9,22,12,33,45,27,8,3,11,18,113,1,2018-01-19
33,9,14,5,32,37,22,10,4,21,25,89,40,11,21,7,39,46,26,13,9,18,23,112,0,2018-01-19
42,14,8,9,34,43,24,7,6,11,20,106,28,7,14,12,30,42,13,6,4,17,13,77,1,2018-01-20
41,9,19,7,39,46,27,4,5,11,22,110,34,11,20,7,32,39,21,7,0,10,25,99,1,2018-01-20
37,10,21,8,25,33,20,16,4,14,15,105,39,12,11,14,27,41,20,10,1,18,21,101,1,2018-01-20
38,11,8,8,29,37,19,9,8,18,17,95,38,9,12,6,31,37,23,11,5,16,13,97,0,2018-01-20
48,16,20,6,43,49,32,13,6,18,25,132,41,12,19,10,27,37,22,5,4,15,16,113,1,2018-01-20
36,10,29,6,34,40,20,8,4,14,25,111,33,12,23,12,34,46,20,10,7,17,28,101,1,2018-01-20
38,10,12,9,43,52,20,9,9,11,21,98,26,7,16,17,30,47,15,7,5,12,18,75,1,2018-01-20
36,8,27,5,39,44,19,4,9,14,23,107,38,6,18,13,33,46,24,9,3,9,26,100,1,2018-01-21
42,4,23,16,33,49,20,9,7,5,12,111,38,9,12,11,32,43,22,3,7,15,19,97,1,2018-01-21
37,8,13,11,33,44,22,6,9,15,18,95,43,6,11,13,31,44,20,7,9,10,19,103,0,2018-01-21
40,12,12,10,34,44,24,8,5,17,24,104,33,4,20,7,32,39,20,8,6,16,15,90,1,2018-01-21
33,13,23,11,37,48,23,8,8,20,29,102,38,6,28,8,39,47,19,12,6,16,28,110,0,2018-01-21
41,10,16,7,30,37,27,13,6,17,22,108,31,6,24,7,26,33,16,5,4,19,22,92,1,2018-01-21
39,7,10,6,34,40,13,9,5,10,13,95,37,12,8,8,37,45,21,8,3,11,18,94,1,2018-01-22
47,10,14,16,22,38,27,15,4,13,24,118,39,14,18,6,26,32,26,4,9,26,24,110,1,2018-01-22
38,8,10,13,34,47,18,8,3,15,24,94,38,9,25,10,34,44,22,11,9,9,12,110,0,2018-01-22
33,14,13,7,40,47,25,10,2,13,18,93,34,13,19,1,44,45,19,9,5,12,14,100,0,2018-01-22
37,12,13,9,46,55,30,12,4,25,23,99,30,8,18,10,33,43,15,15,4,16,19,86,1,2018-01-22
44,15,30,11,32,43,27,5,2,15,21,133,44,12,26,7,24,31,21,10,6,11,25,126,1,2018-01-22
40,7,21,14,37,51,18,6,2,10,16,108,42,15,8,7,35,42,22,3,5,11,25,107,1,2018-01-23
46,11,13,13,31,44,26,5,12,13,25,116,46,11,21,16,32,48,22,5,11,11,20,124,0,2018-01-23
35,15,12,9,40,49,24,5,2,13,21,97,36,21,11,7,36,43,20,8,3,9,19,104,0,2018-01-23
46,9,16,12,29,41,25,5,2,9,16,117,47,19,13,6,29,35,35,4,3,9,19,126,0,2018-01-23
39,13,20,12,35,47,22,6,6,11,13,111,36,9,14,11,38,49,15,6,3,17,21,95,1,2018-01-23
45,9,14,11,31,42,21,7,1,10,17,113,48,7,15,6,39,45,31,7,9,11,16,118,0,2018-01-23
41,10,28,10,34,44,19,7,3,17,22,120,44,11,16,12,31,43,23,10,5,16,29,115,1,2018-01-23
36,13,8,12,35,47,22,15,4,15,17,93,31,8,11,7,38,45,21,6,5,20,15,81,1,2018-01-24
38,12,23,11,33,44,22,7,4,12,19,111,44,9,13,6,34,40,25,4,4,11,27,110,1,2018-01-24
38,9,18,14,28,42,21,11,0,12,20,103,48,15,22,10,40,50,33,6,8,16,23,133,0,2018-01-24
40,11,23,8,25,33,26,7,5,10,12,114,50,16,12,10,34,44,35,6,4,14,20,128,0,2018-01-24
35,5,27,10,30,40,26,6,5,19,15,102,39,14,21,10,37,47,25,10,3,13,28,113,0,2018-01-24
35,6,24,4,32,36,18,14,4,11,10,100,42,8,6,6,36,42,26,8,5,20,22,98,1,2018-01-24
37,12,16,8,27,35,19,6,2,16,18,102,45,7,14,7,36,43,29,8,1,14,23,111,0,2018-01-24
40,13,28,11,32,43,25,13,8,11,25,121,37,15,21,6,33,39,23,6,5,20,26,110,1,2018-01-24
43,12,14,11,42,53,29,8,2,14,18,112,34,12,10,8,32,40,17,9,6,11,22,90,1,2018-01-25
43,11,16,5,34,39,28,7,5,13,15,113,48,7,17,16,31,47,28,7,12,8,15,120,0,2018-01-25
38,10,21,10,26,36,23,8,6,19,16,107,49,17,11,10,23,33,38,13,2,13,20,126,0,2018-01-25
38,12,16,11,21,32,24,2,4,12,15,104,49,18,13,7,31,38,40,7,6,12,21,129,0,2018-01-26
42,14,10,6,43,49,26,10,8,14,20,108,34,15,16,9,37,46,28,9,4,18,20,99,1,2018-01-26
36,13,19,8,34,42,27,6,5,21,18,104,43,8,18,8,29,37,28,12,2,8,20,112,0,2018-01-26
47,10,7,10,29,39,28,7,3,14,18,111,44,15,22,8,35,43,31,8,5,12,13,125,0,2018-01-26
34,11,22,4,35,39,20,5,1,8,17,101,43,8,13,11,48,59,24,4,0,14,31,107,0,2018-01-26
46,10,18,15,38,53,33,7,13,17,20,120,43,15,16,12,29,41,30,7,6,14,21,117,1,2018-01-26
48,9,11,15,42,57,30,17,3,17,20,116,37,7,12,6,34,40,14,9,7,22,20,93,1,2018-01-26
39,13,25,9,30,39,19,3,9,11,26,116,36,7,29,6,27,33,17,7,5,8,21,108,1,2018-01-26
43,17,10,9,40,49,23,7,5,16,18,113,46,11,9,5,36,41,33,6,6,14,19,112,1,2018-01-26
35,10,13,8,29,37,17,9,3,5,19,93,39,10,19,10,44,54,20,4,6,14,17,107,0,2018-01-26
34,9,14,10,33,43,21,4,5,11,16,91,42,13,16,5,41,46,22,6,2,7,13,113,0,2018-01-26
36,16,20,15,39,54,24,4,7,15,20,108,30,6,16,11,27,38,16,8,6,10,20,82,1,2018-01-27
38,10,23,10,33,43,19,9,9,11,17,109,37,14,17,11,34,45,17,6,2,14,23,105,1,2018-01-27
31,6,10,10,29,39,16,4,5,15,22,78,33,13,16,8,40,48,26,10,8,17,17,95,0,2018-01-27
39,13,14,8,36,44,27,8,8,21,18,105,39,7,15,7,28,35,24,15,5,13,18,100,1,2018-01-27
37,9,16,5,33,38,20,7,8,11,18,99,39,10,14,18,38,56,21,5,6,15,18,102,0,2018-01-27
34,12,11,9,44,53,23,6,8,14,21,91,34,11,10,8,35,43,17,8,5,8,15,89,1,2018-01-28
42,10,29,6,42,48,24,8,8,18,26,123,38,12,26,12,32,44,25,11,8,13,23,114,1,2018-01-28
35,6,9,10,24,34,15,6,4,9,19,85,42,7,11,16,33,49,19,4,10,14,13,102,0,2018-01-28
35,10,18,7,41,48,24,3,7,21,25,98,38,5,20,14,31,45,20,13,2,9,23,101,0,2018-01-28
42,10,14,14,37,51,22,7,2,21,16,108,44,13,12,7,28,35,25,10,4,10,19,113,0,2018-01-28
40,14,15,7,37,44,20,9,3,10,21,109,41,5,16,9,41,50,22,6,4,12,19,103,1,2018-01-28
44,10,9,10,30,40,29,3,11,25,14,107,43,12,17,17,20,37,22,16,0,13,9,115,0,2018-01-28
33,13,22,14,33,47,21,5,9,11,20,101,32,9,21,18,31,49,17,10,5,7,25,94,1,2018-01-28
47,12,19,16,35,51,33,12,6,10,14,125,42,10,9,12,28,40,21,3,2,17,20,103,1,2018-01-28
39,12,8,7,32,39,21,7,5,13,14,98,39,10,8,11,35,46,18,3,5,16,15,96,1,2018-01-28
40,10,21,9,41,50,22,7,11,11,20,111,48,6,17,6,50,56,23,5,7,14,28,119,0,2018-01-29
39,12,20,4,25,29,26,5,4,9,16,110,46,17,14,12,30,42,29,6,1,10,21,123,0,2018-01-29
42,10,16,15,32,47,31,4,3,10,14,110,43,17,8,10,30,40,28,4,6,9,19,111,0,2018-01-29
39,11,18,10,43,53,23,3,1,9,21,107,27,10,19,12,30,42,19,7,0,7,22,83,1,2018-01-29
42,18,6,17,43,60,30,5,6,15,22,108,32,6,24,6,33,39,16,8,4,9,12,94,1,2018-01-29
39,10,25,9,26,35,21,4,3,12,20,113,52,14,23,14,32,46,37,8,8,12,23,141,0,2018-01-30
33,8,14,11,29,40,20,10,3,12,22,88,34,12,15,11,30,41,23,9,11,16,19,95,0,2018-01-30
38,8,28,14,28,42,22,9,1,7,16,112,37,15,17,8,29,37,21,3,7,16,26,106,1,2018-01-30
37,9,11,11,25,36,25,5,1,9,19,94,42,8,17,14,40,54,19,3,7,13,16,109,0,2018-01-30
49,19,23,11,42,53,25,10,4,8,17,140,30,4,15,9,29,38,13,4,7,19,24,79,1,2018-01-30
43,12,15,13,37,50,26,4,3,7,15,113,41,11,12,2,32,34,17,5,7,11,21,105,1,2018-01-30
50,9,19,14,37,51,34,14,6,11,17,128,41,11,12,10,23,33,24,4,4,17,22,105,1,2018-01-30
46,12,10,21,33,54,22,10,6,16,14,114,38,10,4,6,24,30,25,9,1,16,15,90,1,2018-01-30
46,11,16,4,34,38,32,8,4,14,21,119,40,9,16,15,32,47,25,6,2,13,20,105,1,2018-01-31
40,11,12,5,44,49,27,8,3,9,22,103,28,3,14,9,35,44,16,4,4,14,17,73,1,2018-01-31
41,7,14,9,37,46,21,9,3,9,14,103,42,9,7,5,43,48,24,3,8,16,19,100,1,2018-01-31
42,13,18,6,43,49,21,6,11,18,20,115,31,9,16,7,36,43,15,9,4,13,25,87,1,2018-01-31
36,9,19,8,28,36,20,10,6,13,22,100,37,12,12,9,37,46,25,4,7,17,23,98,1,2018-01-31
39,13,11,7,31,38,21,5,5,11,18,102,40,6,13,15,33,48,21,8,7,13,19,99,1,2018-01-31
38,9,22,15,34,49,21,13,11,21,23,107,38,11,15,11,32,43,21,13,5,24,20,102,1,2018-01-31
34,13,23,2,40,42,15,9,7,9,18,104,38,10,11,12,40,52,26,6,4,14,25,97,1,2018-01-31
41,16,15,10,27,37,24,8,2,11,17,113,45,16,17,8,32,40,16,7,7,11,14,123,0,2018-01-31
34,7,17,14,32,46,19,6,8,16,10,92,43,14,12,5,36,41,30,11,12,14,20,112,0,2018-02-01
33,8,19,7,30,37,21,7,6,14,15,93,40,15,6,7,28,35,25,8,4,13,23,101,0,2018-02-01
47,12,22,7,35,42,27,4,7,6,26,128,42,15,26,11,37,48,26,3,2,9,24,125,1,2018-02-01
43,15,23,12,30,42,24,4,6,13,17,124,45,8,19,8,24,32,26,11,7,15,23,117,1,2018-02-02
44,13,21,7,34,41,24,11,5,12,18,122,42,18,13,5,30,35,27,9,3,14,25,115,1,2018-02-02
37,10,14,7,33,40,26,10,3,10,19,98,42,15,19,11,45,56,30,7,5,16,15,118,0,2018-02-02
40,6,22,9,37,46,26,9,6,17,18,108,50,18,9,7,34,41,38,13,4,13,23,127,0,2018-02-02
45,11,18,7,35,42,26,8,3,11,23,119,34,11,31,4,32,36,21,6,4,12,18,110,1,2018-02-02
38,14,9,4,33,37,24,9,1,10,11,99,38,12,3,8,45,53,26,7,5,17,16,91,1,2018-02-02
35,20,21,15,36,51,22,4,4,19,15,111,35,7,10,9,30,39,21,7,7,14,19,87,1,2018-02-02
44,10,9,17,26,43,23,6,3,9,17,107,45,7,16,8,38,46,29,4,7,15,17,113,0,2018-02-02
37,13,20,13,34,47,26,5,5,15,25,107,42,16,19,9,29,38,27,9,11,7,21,119,0,2018-02-02
40,9,20,9,34,43,24,6,5,11,24,109,42,8,23,14,36,50,24,8,0,12,26,115,0,2018-02-02
44,9,18,8,38,46,20,10,3,7,12,115,39,17,11,8,42,50,33,4,6,19,20,106,1,2018-02-02
39,14,21,4,29,33,22,8,4,10,19,113,42,13,15,9,35,44,33,5,2,13,18,112,1,2018-02-03
31,9,25,14,29,43,15,9,13,15,24,96,37,6,23,13,35,48,19,12,4,14,23,103,0,2018-02-03
41,13,13,11,35,46,23,7,2,15,24,108,38,8,19,8,30,38,15,7,8,12,20,103,1,2018-02-03
42,16,17,6,40,46,30,5,2,11,27,117,46,17,20,6,39,45,30,3,3,10,21,129,0,2018-02-03
34,9,20,9,35,44,26,6,3,11,19,97,34,10,12,5,39,44,19,6,4,15,23,90,1,2018-02-03
37,9,15,9,35,44,24,10,9,14,18,98,31,4,13,12,30,42,15,8,1,14,18,79,1,2018-02-03
44,9,2,6,41,47,26,7,6,14,17,99,37,2,10,12,32,44,15,9,4,9,18,86,1,2018-02-03
42,13,23,7,44,51,33,9,10,15,29,120,37,6,28,13,40,53,19,7,3,14,27,108,1,2018-02-03
34,10,26,14,35,49,23,7,8,15,20,104,36,8,21,11,33,44,19,11,6,11,22,101,1,2018-02-04
38,6,25,11,36,47,17,10,2,18,21,107,43,17,26,5,39,44,25,12,9,19,25,129,0,2018-02-04
41,8,30,6,36,42,29,8,6,14,16,120,47,7,11,11,28,39,24,6,5,11,26,112,1,2018-02-04
44,11,13,9,42,51,31,6,8,11,23,112,35,5,19,6,29,35,23,5,1,9,15,94,1,2018-02-04
43,21,21,18,42,60,30,10,3,15,30,128,52,9,25,14,45,59,23,10,10,15,18,138,0,2018-02-04
35,15,12,9,42,51,24,3,6,11,16,97,36,13,11,10,36,46,21,4,9,8,17,96,1,2018-02-04
32,11,22,13,38,51,20,12,10,14,21,97,30,8,12,7,37,44,19,10,6,20,20,80,1,2018-02-04
40,12,15,7,31,38,24,7,5,15,19,107,39,9,10,7,26,33,24,8,4,13,21,97,1,2018-02-05
35,17,16,16,37,53,21,3,7,13,25,103,41,5,21,10,38,48,23,6,3,9,23,108,0,2018-02-05
39,5,22,6,34,40,20,2,2,13,16,105,45,11,17,11,27,38,22,9,1,6,19,118,0,2018-02-05
35,10,15,10,32,42,21,9,2,14,21,95,34,8,22,11,32,43,11,10,0,16,18,98,0,2018-02-05
33,6,22,12,39,51,16,8,8,16,22,94,38,9,14,11,41,52,21,7,3,13,23,99,0,2018-02-05
44,13,9,8,28,36,30,11,1,16,22,110,42,10,17,19,37,56,19,7,2,22,24,111,0,2018-02-06
42,12,20,14,39,53,29,12,8,7,20,116,32,7,17,9,42,51,14,4,4,22,25,88,1,2018-02-06
40,7,19,8,29,37,21,7,4,10,19,106,47,16,22,14,38,52,32,3,3,11,19,132,0,2018-02-06
40,17,14,5,35,40,29,10,4,15,18,111,33,10,15,9,29,38,21,3,3,17,19,91,1,2018-02-06
48,15,14,3,42,45,37,10,9,19,23,125,38,5,20,9,32,41,21,15,0,13,14,101,1,2018-02-06
37,9,12,7,38,45,24,6,6,12,13,95,39,12,16,6,45,51,25,10,6,8,19,106,0,2018-02-06
50,15,12,9,34,43,32,3,10,11,17,127,51,9,13,9,31,40,34,5,6,7,18,124,1,2018-02-06
46,13,18,14,39,53,35,6,6,17,28,123,36,11,21,9,28,37,27,10,7,15,21,104,1,2018-02-06
41,12,7,10,27,37,27,10,6,12,15,101,48,6,12,8,35,43,19,8,6,15,14,114,0,2018-02-06
42,12,19,7,28,35,25,10,3,12,14,115,47,12,6,5,30,35,34,8,1,12,19,112,1,2018-02-06
39,10,18,4,37,41,23,2,8,17,21,106,45,10,15,15,32,47,26,11,3,6,19,115,0,2018-02-07
48,13,17,7,30,37,33,9,1,13,20,126,41,13,19,4,33,37,26,10,2,20,22,114,1,2018-02-07
35,13,20,9,35,44,24,4,2,13,20,103,39,6,24,15,37,52,20,10,7,8,20,108,0,2018-02-07
39,12,23,8,35,43,28,9,2,13,15,113,40,9,9,9,33,42,20,7,5,17,19,98,1,2018-02-07
40,10,19,10,33,43,25,5,2,12,20,109,49,12,16,6,41,47,27,9,4,11,21,126,0,2018-02-07
39,7,15,11,39,50,21,12,7,19,26,100,33,7,18,12,35,47,17,12,6,20,20,91,1,2018-02-08
40,8,9,10,34,44,19,9,1,19,18,97,40,14,16,12,28,40,22,11,1,12,15,110,0,2018-02-08
34,7,13,12,37,49,22,1,8,19,16,88,43,15,14,12,38,50,22,12,14,8,16,115,0,2018-02-08
44,8,14,12,38,50,35,4,5,16,21,110,37,10,16,4,31,35,26,10,3,11,18,100,1,2018-02-08
38,12,16,17,35,52,28,11,4,20,23,104,39,9,23,7,38,45,16,9,6,18,20,110,0,2018-02-08
45,16,17,11,37,48,32,14,7,16,19,123,37,10,11,11,26,37,19,9,1,21,19,95,1,2018-02-09
36,9,10,15,44,59,24,9,4,16,14,91,42,8,9,9,44,53,34,10,6,15,18,101,0,2018-02-09
34,7,16,12,26,38,16,5,8,10,21,91,37,5,18,13,40,53,18,6,5,13,20,97,0,2018-02-09
41,11,1,5,47,52,33,0,3,14,15,94,33,10,12,11,30,41,19,8,6,5,10,88,1,2018-02-09
43,15,17,9,42,51,24,8,3,15,20,118,38,11,20,11,38,49,23,5,8,14,16,107,1,2018-02-09
33,10,16,8,29,37,18,13,5,14,15,92,34,7,14,8,31,39,15,8,7,16,16,89,1,2018-02-09
45,20,15,18,32,50,25,13,2,8,22,125,49,10,18,12,46,58,27,4,5,15,24,126,0,2018-02-09
43,10,11,9,36,45,22,6,2,10,14,107,43,11,5,7,34,41,25,4,2,11,19,102,1,2018-02-09
44,18,21,4,31,35,28,13,4,14,23,127,39,4,23,11,32,43,18,7,1,16,18,105,1,2018-02-09
34,3,13,14,31,45,12,9,3,12,17,84,41,11,11,7,35,42,30,9,5,12,18,104,0,2018-02-10
33,9,27,9,31,40,17,8,7,16,13,102,48,14,9,7,37,44,36,15,5,14,24,119,0,2018-02-10
35,11,19,13,34,47,21,3,7,10,17,100,39,6,12,12,35,47,22,4,1,8,19,96,1,2018-02-10
43,18,15,7,33,40,31,6,4,15,20,119,43,7,14,11,32,43,22,10,6,10,15,107,1,2018-02-10
31,12,16,9,28,37,22,10,8,8,15,90,35,8,7,12,34,46,18,3,5,17,22,85,1,2018-02-10
47,8,18,15,39,54,23,9,4,14,14,120,38,7,12,7,29,36,24,9,4,17,23,95,1,2018-02-10
42,11,16,13,41,54,29,3,6,14,15,111,36,14,10,11,30,41,27,6,8,9,23,96,1,2018-02-10
40,7,17,13,33,46,17,13,6,17,18,104,42,13,11,8,32,40,24,6,7,19,20,108,0,2018-02-10
45,5,15,8,36,44,26,8,4,12,25,110,41,15,21,19,34,53,29,8,3,14,21,118,0,2018-02-11
42,7,22,18,34,52,27,10,7,17,18,113,35,5,19,10,25,35,20,11,5,17,20,94,1,2018-02-11
35,11,17,10,40,50,21,7,1,11,12,98,32,13,10,4,34,38,15,5,3,15,20,87,1,2018-02-11
41,8,18,13,37,50,16,15,5,16,21,108,33,10,15,7,32,39,22,11,8,22,20,91,1,2018-02-11
41,8,11,11,35,46,22,10,8,14,16,101,37,13,11,12,37,49,24,10,1,15,15,98,1,2018-02-11
36,10,17,13,30,43,22,3,4,14,14,99,45,16,15,5,36,41,22,7,6,11,20,121,0,2018-02-11
37,10,30,9,43,52,21,8,3,10,18,114,30,7,13,9,32,41,19,4,4,14,24,80,1,2018-02-11
43,16,12,12,35,47,27,6,8,10,24,114,42,8,18,10,36,46,24,6,1,12,22,110,1,2018-02-12
39,11,23,12,44,56,19,7,7,14,21,112,36,8,13,16,32,48,24,4,4,11,18,93,1,2018-02-12
40,16,8,7,41,48,31,4,9,15,20,104,33,6,15,15,41,56,17,8,7,13,11,87,1,2018-02-12
40,9,20,8,37,45,22,7,4,16,19,109,37,9,8,8,34,42,21,12,4,17,23,91,1,2018-02-12
39,16,14,9,33,42,30,4,5,17,19,108,44,13,14,7,37,44,32,11,3,13,17,115,0,2018-02-12
45,14,8,9,40,49,21,11,3,16,16,112,34,10,9,6,29,35,21,11,4,18,13,87,1,2018-02-12
47,20,23,8,37,45,32,8,3,14,23,137,44,13,22,10,32,42,22,9,2,13,22,123,1,2018-02-12
49,12,14,12,44,56,24,7,5,8,22,124,33,9,26,13,37,50,11,7,5,10,13,101,1,2018-02-12
53,16,21,6,43,49,36,11,11,11,15,143,35,13,11,13,27,40,18,7,2,15,17,94,1,2018-02-13
42,13,22,5,30,35,26,10,3,16,14,119,47,9,12,12,29,41,34,8,7,15,23,115,1,2018-02-13
33,5,11,17,36,53,27,5,2,10,18,82,39,17,10,6,39,45,21,5,5,11,22,105,0,2018-02-13
31,6,20,10,42,52,22,7,5,12,18,88,31,7,13,18,39,57,10,8,2,17,28,82,1,2018-02-13
45,11,19,15,43,58,28,5,7,12,21,120,47,14,16,12,38,50,25,7,5,8,16,124,0,2018-02-14
40,10,19,6,32,38,29,9,2,14,17,109,39,12,12,10,28,38,24,6,4,15,18,102,1,2018-02-14
43,11,13,15,46,61,28,6,7,16,24,110,33,3,23,14,34,48,21,9,7,11,15,92,1,2018-02-14
39,10,22,11,33,44,30,11,6,9,24,110,34,11,16,9,36,45,24,2,9,17,24,95,1,2018-02-14
42,10,12,13,38,51,28,5,7,8,19,106,32,8,9,17,33,50,16,6,4,13,11,81,1,2018-02-14
41,9,11,9,38,47,24,14,3,8,21,102,29,9,23,3,44,47,16,4,3,17,15,90,1,2018-02-14
33,9,11,10,38,48,20,5,6,15,16,86,42,17,14,10,44,54,23,9,10,11,17,115,0,2018-02-14
42,15,20,11,35,46,24,4,7,8,31,119,44,11,30,7,36,43,26,5,5,7,21,129,0,2018-02-14
37,11,20,14,40,54,29,9,8,19,18,105,36,7,20,10,31,41,21,14,2,14,22,99,1,2018-02-14
33,10,27,18,45,63,17,7,7,18,22,103,30,9,24,4,38,42,17,5,7,17,26,93,1,2018-02-14
50,14,18,11,33,44,35,11,7,12,23,132,45,16,24,8,33,41,24,6,2,15,20,130,1,2018-02-14
41,10,16,9,41,50,22,1,4,9,19,108,35,8,17,14,36,50,22,3,3,10,25,95,1,2018-02-14
50,12,17,14,41,55,24,7,1,11,24,129,44,12,23,3,33,36,29,6,0,12,21,123,1,2018-02-14
42,9,19,8,32,40,24,10,2,8,19,112,41,13,11,10,37,47,19,4,4,12,22,106,1,2018-02-15
35,14,20,8,31,39,22,9,7,10,12,104,41,12,9,8,38,46,23,8,5,17,21,103,1,2018-02-15
48,12,22,10,30,40,32,8,3,9,21,130,46,16,15,9,28,37,29,7,0,17,25,123,1,2018-02-22
48,10,9,9,37,46,33,5,2,9,11,115,43,10,9,9,31,40,25,4,2,8,14,105,1,2018-02-22
34,8,20,10,40,50,15,4,11,18,19,96,34,7,17,15,33,48,15,13,5,14,21,92,1,2018-02-22
40,6,29,7,30,37,25,12,7,16,18,115,43,10,15,10,23,33,19,12,1,19,32,111,1,2018-02-22
46,8,9,9,43,52,32,9,4,10,19,109,40,11,6,10,33,43,24,6,6,11,9,97,1,2018-02-22
45,15,14,5,27,32,31,9,2,7,17,119,39,10,10,13,27,40,21,6,1,14,16,98,1,2018-02-22
36,17,29,9,34,43,16,4,4,17,26,118,43,18,24,9,29,38,24,8,5,8,25,128,0,2018-02-22
50,6,10,11,33,44,23,15,6,15,13,116,40,17,14,16,35,51,27,10,4,21,14,111,1,2018-02-22
35,6,21,6,46,52,18,6,5,14,22,97,33,11,17,10,30,40,20,5,5,10,24,94,1,2018-02-23
39,7,14,9,34,43,30,9,5,19,22,99,43,16,13,6,37,43,27,10,1,16,19,115,0,2018-02-23
37,10,14,12,33,45,16,4,4,13,18,98,41,17,11,10,32,42,30,8,5,11,22,110,0,2018-02-23
53,14,19,12,36,48,35,13,7,11,20,139,46,10,15,7,30,37,26,5,3,20,21,117,1,2018-02-23
42,17,11,8,27,35,22,5,7,14,16,112,46,12,15,8,31,39,32,11,6,11,19,119,0,2018-02-23
36,7,21,10,34,44,17,11,2,15,17,100,37,9,14,7,31,38,23,10,8,19,21,97,1,2018-02-23
49,14,12,7,27,34,33,11,2,13,24,124,44,14,25,8,34,42,25,9,3,18,19,127,0,2018-02-23
35,9,18,9,36,45,18,8,4,12,15,97,38,11,16,7,43,50,24,5,5,18,22,103,0,2018-02-23
40,16,10,9,27,36,31,9,6,14,15,106,42,9,17,11,25,36,27,7,6,13,15,110,0,2018-02-23
40,12,12,10,32,42,25,9,0,10,27,104,35,10,28,6,39,45,23,6,6,14,15,108,0,2018-02-24
48,15,11,12,35,47,32,7,3,14,22,122,37,9,18,7,30,37,19,5,4,14,19,101,1,2018-02-24
44,8,17,10,41,51,26,12,7,17,17,113,41,14,11,7,32,39,32,10,3,17,20,107,1,2018-02-24
45,6,16,13,36,49,20,10,4,14,22,112,42,13,24,11,34,45,21,11,5,11,15,121,0,2018-02-24
40,13,22,15,32,47,28,5,5,9,26,115,39,13,21,5,31,36,14,4,7,10,22,112,1,2018-02-24
48,15,14,10,39,49,24,9,4,12,19,125,30,10,16,9,24,33,15,4,6,16,15,86,1,2018-02-24
37,9,20,12,36,48,20,8,4,14,18,103,45,16,16,13,42,55,29,9,7,15,22,122,0,2018-02-24
41,13,18,8,31,39,27,10,3,10,24,113,43,17,18,11,43,54,29,7,8,18,22,121,0,2018-02-24
36,8,18,9,29,38,27,13,4,19,24,98,41,6,16,11,36,47,20,13,3,21,21,104,0,2018-02-25
36,12,14,5,47,52,22,10,6,12,22,98,35,12,20,13,49,62,21,10,4,13,14,102,0,2018-02-25
46,11,10,9,27,36,26,9,6,11,22,113,43,10,19,10,35,45,25,5,1,17,17,115,0,2018-02-25
52,15,11,17,40,57,35,15,7,12,17,130,37,7,14,10,33,43,22,6,5,20,17,95,1,2018-02-25
37,6,17,14,32,46,25,10,7,14,16,97,41,6,13,10,34,44,26,10,6,14,19,101,0,2018-02-26
41,13,11,7,31,38,31,10,5,19,13,106,40,17,8,10,26,36,25,14,1,16,18,105,1,2018-02-26
44,13,21,9,40,49,31,7,8,13,13,122,40,7,8,10,27,37,25,11,7,9,19,95,1,2018-02-26
47,9,20,7,27,34,30,12,5,17,23,123,47,12,21,12,37,49,30,10,4,22,19,127,0,2018-02-26
41,10,15,13,36,49,31,10,8,16,19,107,41,9,13,6,29,35,23,11,4,13,24,104,1,2018-02-26
37,8,23,7,32,39,21,10,4,12,11,105,39,10,8,7,29,36,27,6,6,13,24,96,1,2018-02-26
40,12,15,3,34,37,26,6,5,11,17,107,39,20,18,11,40,51,28,6,6,16,14,116,0,2018-02-26
38,13,21,10,40,50,17,5,5,14,16,110,38,8,9,18,33,51,18,6,1,13,23,93,1,2018-02-26
39,12,19,9,35,44,25,5,5,8,23,109,34,5,25,5,35,40,27,4,2,10,22,98,1,2018-02-26
37,8,15,18,22,40,20,8,1,8,19,97,48,13,15,5,41,46,35,5,6,14,16,124,0,2018-02-26
44,10,25,7,33,40,18,12,6,10,20,123,40,19,21,13,31,44,30,8,4,14,21,120,1,2018-02-26
42,8,27,17,27,44,23,5,7,15,21,119,43,8,22,11,24,35,19,8,9,14,29,116,1,2018-02-27
39,13,26,13,36,49,26,10,4,17,19,117,37,10,16,10,29,39,22,7,2,19,23,100,1,2018-02-27
42,6,29,11,35,46,23,5,10,10,22,119,43,7,18,11,35,46,19,6,4,13,26,111,1,2018-02-27
47,11,9,5,36,41,30,8,7,17,18,114,36,9,20,10,28,38,24,7,1,12,18,101,1,2018-02-27
38,11,5,6,40,46,22,5,5,14,17,92,35,8,15,6,38,44,14,10,6,9,13,93,0,2018-02-27
43,12,16,8,42,50,25,3,5,15,22,114,38,7,14,7,31,38,22,8,3,15,24,97,1,2018-02-27
40,11,26,5,31,36,27,6,3,21,17,117,50,9,14,7,32,39,27,11,1,14,22,123,0,2018-02-27
54,12,14,4,43,47,31,3,4,10,20,134,42,9,13,9,24,33,24,6,6,7,17,106,1,2018-02-28
53,6,8,12,47,59,31,6,7,17,24,120,41,11,20,9,30,39,28,11,4,11,20,113,1,2018-02-28
48,13,15,13,49,62,32,8,6,16,17,124,37,19,9,3,26,29,25,9,8,11,19,102,1,2018-02-28
56,18,16,13,35,48,37,5,4,14,15,146,48,12,6,8,21,29,32,2,0,13,19,114,1,2018-02-28
42,17,6,6,34,40,27,10,8,14,11,107,41,12,11,13,32,45,28,8,7,12,11,105,1,2018-02-28
46,3,11,11,24,35,25,7,3,12,22,106,42,9,28,15,34,49,23,7,6,13,21,121,0,2018-02-28
44,11,13,13,22,35,23,9,4,14,15,112,55,12,11,7,35,42,46,9,11,19,16,133,0,2018-02-28
37,14,10,8,23,31,23,8,4,15,23,98,37,10,25,5,35,40,22,9,5,15,13,109,0,2018-02-28
41,4,25,6,30,36,19,5,5,13,21,111,47,11,20,9,34,43,30,7,7,10,27,125,0,2018-03-01
40,5,16,18,37,55,19,4,12,20,22,101,34,10,19,5,29,34,17,11,4,14,30,97,1,2018-03-01
42,17,14,8,35,43,27,8,5,7,16,115,39,10,21,5,41,46,28,6,2,13,20,109,1,2018-03-01
42,8,8,9,33,42,19,5,4,17,20,100,33,12,27,12,32,44,19,7,3,14,14,105,0,2018-03-01
39,12,21,20,31,51,23,7,5,17,18,111,44,8,8,11,34,45,28,11,7,15,21,104,1,2018-03-01
41,8,21,13,29,42,28,7,7,18,24,111,39,12,17,6,20,26,26,7,5,16,20,107,1,2018-03-02
41,7,25,7,42,49,26,8,3,19,22,114,38,11,20,9,31,40,22,14,2,14,25,107,1,2018-03-02
51,11,24,11,32,43,25,5,4,14,12,137,54,9,11,11,30,41,25,6,1,10,27,128,1,2018-03-02
38,10,26,12,42,54,20,4,4,16,19,112,37,9,11,10,30,40,24,8,3,11,24,94,1,2018-03-02
43,12,19,6,31,37,32,10,7,17,15,117,43,8,18,17,25,42,30,10,6,16,16,112,1,2018-03-02
33,14,15,5,23,28,17,5,4,11,15,95,47,11,18,7,34,41,32,4,4,9,14,123,0,2018-03-02
42,16,19,7,38,45,27,6,2,9,23,119,40,12,19,4,36,40,35,5,4,14,19,111,1,2018-03-02
42,13,11,17,31,48,28,5,5,11,21,108,41,17,14,12,32,44,26,5,6,10,18,113,0,2018-03-02
40,8,5,13,40,53,22,3,4,7,16,93,46,18,9,13,42,55,27,5,7,6,8,119,0,2018-03-02
36,10,24,6,36,42,24,9,5,16,21,106,36,11,15,15,32,47,23,10,3,17,21,98,1,2018-03-02
39,7,22,7,38,45,23,7,2,15,18,107,35,6,14,8,31,39,22,10,5,15,23,90,1,2018-03-03
39,19,26,10,30,40,24,11,5,10,21,123,44,13,19,10,28,38,22,6,3,13,21,120,1,2018-03-03
42,14,14,11,43,54,24,2,5,13,17,112,39,13,12,7,32,39,25,8,5,9,22,103,1,2018-03-03
39,8,19,12,35,47,27,4,10,13,15,105,39,10,12,11,32,43,24,3,1,11,23,100,1,2018-03-03
31,11,15,7,29,36,19,8,7,12,13,88,37,10,9,16,41,57,20,8,3,14,18,93,0,2018-03-03
38,8,15,11,32,43,24,10,16,15,19,99,30,15,20,17,28,45,23,7,3,16,20,95,1,2018-03-04
42,11,23,11,41,52,22,5,7,17,18,118,37,6,22,10,28,38,13,8,6,10,21,102,1,2018-03-04
45,16,9,11,36,47,33,11,4,21,26,115,45,16,19,5,35,40,36,14,5,16,17,125,0,2018-03-04
36,3,17,9,40,49,20,7,6,21,22,92,40,7,14,9,31,40,27,12,4,12,24,101,0,2018-03-04
36,8,24,8,33,41,21,14,3,11,17,104,47,15,14,10,49,59,28,8,6,23,23,123,0,2018-03-04
35,11,16,9,36,45,27,5,4,13,21,97,40,14,19,4,44,48,31,8,1,16,23,113,0,2018-03-04
45,9,19,14,44,58,34,9,3,12,19,118,36,9,20,10,36,46,20,4,5,16,22,101,1,2018-03-04
42,7,17,11,21,32,19,6,2,10,14,108,46,10,5,7,33,40,26,6,8,17,19,107,1,2018-03-04
33,10,21,13,29,42,17,5,5,18,19,97,50,9,11,12,36,48,33,12,7,9,19,120,0,2018-03-04
32,9,17,9,30,39,25,5,2,16,31,90,29,6,34,3,35,38,16,5,2,12,21,98,0,2018-03-05
32,12,13,7,29,36,18,14,1,13,16,89,41,12,11,12,41,53,25,7,4,18,13,105,0,2018-03-05
39,14,10,8,20,28,27,8,2,16,17,102,47,9,17,10,34,44,30,10,1,17,14,120,0,2018-03-05
42,7,22,7,28,35,22,9,8,14,23,113,34,11,31,13,29,42,18,10,6,16,22,110,1,2018-03-05
39,7,19,11,34,45,22,11,5,14,22,104,32,6,18,10,31,41,13,9,2,18,22,88,1,2018-03-05
37,10,12,18,40,58,25,7,2,16,19,96,31,8,9,12,27,39,15,6,3,13,21,79,1,2018-03-05
43,10,33,14,34,48,23,5,5,11,20,129,48,11,17,9,34,43,25,4,6,12,29,124,1,2018-03-05
47,16,22,15,40,55,32,14,3,13,28,132,45,8,30,6,48,54,31,8,6,24,32,128,1,2018-03-05
34,6,13,14,35,49,17,5,3,12,13,87,40,11,10,8,39,47,26,8,12,15,20,101,0,2018-03-06
31,8,15,6,32,38,13,5,7,13,15,85,39,8,13,8,39,47,17,10,9,9,14,99,0,2018-03-06
39,9,26,4,30,34,23,5,3,19,24,113,38,8,21,10,28,38,18,10,2,14,29,105,1,2018-03-06
35,15,17,9,29,38,21,9,6,11,19,102,44,11,17,13,40,53,27,7,6,11,20,116,0,2018-03-06
46,9,12,14,26,40,23,6,5,11,21,113,47,16,21,6,30,36,29,9,5,13,17,131,0,2018-03-06
43,13,10,9,31,40,31,4,1,14,18,109,44,10,17,10,33,43,24,8,5,9,15,115,0,2018-03-06
33,11,16,11,33,44,16,6,5,9,14,93,38,22,11,7,44,51,21,5,6,15,26,109,0,2018-03-07
38,7,23,5,29,34,25,7,5,12,17,106,42,13,17,10,37,47,22,5,3,15,24,114,0,2018-03-07
42,12,18,8,38,46,25,7,3,7,15,114,42,15,9,6,36,42,28,4,7,10,20,108,1,2018-03-07
38,12,10,15,34,49,20,8,2,11,17,98,39,7,17,5,40,45,29,5,15,14,19,102,0,2018-03-07
39,14,13,9,30,39,25,8,4,21,24,105,38,5,19,10,30,40,21,9,5,22,24,100,1,2018-03-07
43,7,27,7,31,38,21,12,3,11,17,120,39,11,14,8,30,38,19,6,3,17,27,103,1,2018-03-07
40,9,14,5,37,42,24,8,4,13,27,103,33,7,21,10,38,48,17,3,5,14,21,94,1,2018-03-07
39,15,14,13,38,51,22,4,5,10,13,107,39,14,8,11,32,43,20,4,8,11,18,100,1,2018-03-07
44,12,9,13,34,47,24,3,3,12,22,109,43,11,20,9,37,46,28,7,2,11,17,117,0,2018-03-08
36,12,12,10,31,41,25,8,2,16,18,96,41,13,15,7,36,43,28,11,4,14,16,110,0,2018-03-08
47,16,19,9,34,43,35,9,4,12,20,129,42,11,16,9,29,38,20,7,4,13,25,111,1,2018-03-08
43,12,22,13,29,42,30,9,3,5,21,120,40,15,21,11,36,47,25,4,5,12,22,116,1,2018-03-08
45,9,18,15,30,45,29,5,2,10,15,117,51,15,10,11,35,46,23,4,6,13,23,127,0,2018-03-08
44,7,17,12,38,50,28,10,5,16,19,112,40,15,21,10,36,46,26,10,4,15,21,116,0,2018-03-09
40,14,9,6,36,42,26,10,6,9,20,103,29,14,17,8,35,43,18,4,3,17,23,89,1,2018-03-09
32,6,13,11,32,43,13,8,2,17,20,83,40,17,13,13,36,49,28,9,3,15,18,110,0,2018-03-09
36,13,21,3,28,31,27,9,2,16,21,106,44,13,16,5,38,43,30,9,3,14,27,117,0,2018-03-09
30,4,9,7,35,42,17,5,9,11,17,73,37,11,12,11,42,53,28,7,5,11,12,97,0,2018-03-09
38,9,23,14,33,47,16,10,9,16,25,108,38,10,21,19,37,56,20,9,8,14,26,107,1,2018-03-09
47,11,11,9,35,44,20,6,3,4,17,116,45,15,18,4,44,48,22,2,3,10,16,123,0,2018-03-09
34,3,33,11,41,52,17,13,5,14,18,104,36,10,12,5,35,40,24,5,5,20,30,94,1,2018-03-09
45,17,16,6,31,37,24,4,1,10,16,123,45,6,18,5,28,33,20,7,2,6,14,114,1,2018-03-09
44,10,13,6,36,42,26,5,9,14,16,111,37,7,23,12,27,39,14,11,2,9,18,104,1,2018-03-09
40,5,12,6,32,38,23,11,4,20,20,97,39,8,14,11,26,37,25,10,2,19,21,100,0,2018-03-09
34,11,24,7,40,47,20,9,7,10,24,103,35,10,28,7,43,50,19,6,5,14,25,108,0,2018-03-10
46,15,17,5,43,48,21,3,6,17,19,124,41,13,13,12,24,36,19,10,4,6,16,108,1,2018-03-10
42,8,6,13,32,45,22,13,6,14,12,98,39,14,7,8,35,43,22,6,5,19,17,99,0,2018-03-11
42,8,23,10,34,44,23,9,3,15,25,115,43,13,22,8,31,39,28,9,5,17,19,121,0,2018-03-11
47,11,7,4,37,41,35,7,4,16,22,112,37,10,13,8,23,31,25,7,1,11,16,97,1,2018-03-11
43,14,14,10,33,43,25,4,6,10,14,114,41,12,12,13,32,45,25,5,3,10,21,106,1,2018-03-11
34,12,17,10,32,42,26,10,5,16,13,97,39,12,9,6,33,39,26,9,7,18,20,99,0,2018-03-11
35,8,22,10,23,33,11,9,5,13,25,100,38,11,22,5,34,39,20,9,4,16,27,109,0,2018-03-11
36,12,17,14,39,53,25,8,7,14,17,101,37,2,7,9,36,45,15,8,5,14,18,83,1,2018-03-11
35,9,24,11,28,39,16,4,2,14,19,103,43,13,17,9,32,41,22,7,4,12,20,116,0,2018-03-11
39,11,15,5,36,41,16,8,8,18,16,104,42,16,19,9,35,44,28,14,4,12,16,119,0,2018-03-11
45,18,14,9,42,51,33,7,5,12,23,122,35,7,21,7,35,42,20,7,5,13,19,98,1,2018-03-11
32,9,18,4,27,31,24,8,4,14,22,91,40,12,18,9,37,46,24,6,3,15,20,110,0,2018-03-11
43,7,16,16,33,49,28,12,6,11,20,109,35,9,12,4,28,32,20,7,5,15,21,91,1,2018-03-12
36,9,27,12,36,48,17,9,6,8,18,108,38,4,19,9,40,49,16,5,7,15,24,99,1,2018-03-12
45,14,22,7,34,41,21,5,3,11,18,126,45,19,12,9,31,40,29,3,3,14,25,121,1,2018-03-13
43,11,11,7,32,39,27,7,3,14,16,108,42,12,11,8,35,43,31,5,4,16,22,107,1,2018-03-13
41,9,23,5,34,39,22,5,4,11,19,114,41,8,23,11,35,46,19,8,4,13,22,113,1,2018-03-13
46,12,19,11,38,49,28,4,5,11,19,123,41,16,16,10,30,40,22,7,4,9,21,114,1,2018-03-13
41,10,22,7,38,45,23,9,9,12,26,114,43,11,19,15,46,61,25,6,10,14,26,116,0,2018-03-13
37,5,17,9,27,36,17,7,8,13,24,96,40,11,16,11,35,46,19,9,3,17,26,107,0,2018-03-13
34,10,20,11,31,42,21,7,1,16,14,98,39,11,15,5,35,40,25,10,8,16,23,104,0,2018-03-13
48,23,18,5,37,42,26,9,7,20,24,137,38,13,21,8,25,33,22,7,3,13,18,110,1,2018-03-13
36,16,30,9,32,41,27,5,9,22,22,118,46,10,13,11,31,42,21,11,3,16,33,115,1,2018-03-13
41,9,11,13,31,44,30,3,7,8,17,102,45,10,15,12,36,48,30,6,10,10,13,115,0,2018-03-13
40,13,15,8,27,35,28,10,3,14,19,108,40,10,9,3,29,32,24,6,1,17,23,99,1,2018-03-13
48,12,16,10,34,44,30,9,5,17,22,124,46,12,21,13,39,52,29,10,6,19,26,125,0,2018-03-14
46,12,22,5,34,39,29,11,5,15,22,126,43,6,13,10,27,37,26,12,4,16,24,105,1,2018-03-14
35,14,12,10,41,51,30,2,7,16,20,96,35,8,15,7,35,42,15,8,2,10,22,93,1,2018-03-14
40,9,27,11,34,45,21,7,5,18,21,116,38,9,23,2,25,27,14,9,0,12,23,108,1,2018-03-14
37,9,11,5,42,47,21,6,5,23,24,94,29,10,18,9,35,44,15,16,2,14,17,86,1,2018-03-14
42,15,26,7,29,36,30,10,6,12,16,125,45,14,12,12,32,44,25,8,6,15,23,116,1,2018-03-15
34,9,10,9,34,43,23,8,6,18,15,87,41,5,7,11,36,47,27,10,7,13,13,94,0,2018-03-15
33,7,18,13,38,51,18,9,3,6,21,91,37,10,9,5,42,47,19,2,3,20,21,93,0,2018-03-15
46,16,9,11,37,48,30,12,4,15,17,117,43,15,10,7,35,42,27,8,8,19,15,111,1,2018-03-15
34,9,13,9,36,45,23,11,2,14,16,90,38,13,12,6,35,41,31,8,3,13,17,101,0,2018-03-15
34,7,22,14,30,44,26,9,8,16,19,97,28,12,16,15,26,41,20,10,6,16,23,84,1,2018-03-15
37,16,21,11,35,46,18,14,4,15,19,111,38,6,14,5,36,41,23,9,5,19,20,96,1,2018-03-15
44,13,18,7,30,37,22,5,0,15,22,119,40,11,23,8,29,37,26,10,2,13,23,114,1,2018-03-15
46,11,6,8,29,37,26,4,7,14,20,109,40,19,24,7,35,42,29,9,2,10,15,123,0,2018-03-15
44,10,15,4,37,41,30,6,10,18,17,113,38,13,13,13,24,37,21,9,4,12,21,102,1,2018-03-16
48,13,18,14,37,51,30,9,4,13,19,127,41,12,19,7,30,37,22,4,5,12,18,113,1,2018-03-16
45,16,16,10,38,48,27,8,4,12,24,122,44,13,17,4,34,38,31,7,4,13,20,118,1,2018-03-16
39,8,18,13,28,41,22,7,5,12,21,104,36,10,18,17,29,46,20,5,0,11,20,100,1,2018-03-16
39,13,14,10,36,46,22,6,11,12,36,105,36,3,36,23,45,68,18,3,2,13,16,111,0,2018-03-16
34,5,10,7,33,40,14,12,7,15,23,83,31,9,21,16,39,55,16,7,6,18,17,92,0,2018-03-16
44,11,11,10,40,50,30,7,1,11,21,110,34,12,12,10,25,35,19,8,4,10,15,92,1,2018-03-16
42,7,22,10,32,42,24,9,13,15,17,113,40,11,15,15,31,46,22,11,5,15,23,106,1,2018-03-16
37,6,18,17,31,48,15,9,3,14,15,98,43,12,12,8,31,39,30,10,3,15,22,110,0,2018-03-17
31,7,14,15,33,48,18,6,7,12,18,83,35,18,17,9,36,45,21,8,9,16,24,105,0,2018-03-17
46,14,10,10,34,44,29,8,3,16,31,116,34,5,33,11,31,42,20,7,1,16,16,106,1,2018-03-17
38,8,13,7,25,32,19,10,1,12,17,97,46,11,18,6,39,45,29,8,7,16,19,121,0,2018-03-17
40,9,16,11,35,46,25,6,3,11,13,105,37,10,17,7,32,39,24,8,7,9,18,101,1,2018-03-17
40,12,18,10,26,36,23,6,5,10,19,110,37,11,18,8,29,37,21,5,1,14,25,103,1,2018-03-17
41,14,20,5,38,43,26,5,7,10,24,116,41,11,19,5,35,40,21,5,9,9,23,112,1,2018-03-17
40,10,19,17,31,48,22,10,5,20,16,109,42,5,15,20,34,54,23,13,7,19,25,104,1,2018-03-17
28,9,19,11,29,40,17,7,2,20,16,84,40,10,13,6,38,44,27,8,3,17,15,103,0,2018-03-17
32,9,26,8,38,46,17,8,2,12,19,99,28,12,20,8,37,45,19,5,8,14,26,88,1,2018-03-17
41,6,20,5,39,44,33,9,5,10,13,108,35,9,10,9,35,44,17,8,3,12,21,89,1,2018-03-18
40,15,17,12,40,52,20,6,3,15,23,112,38,13,14,5,39,44,26,12,4,19,26,103,1,2018-03-18
32,3,14,11,27,38,25,14,8,16,14,81,38,7,13,10,35,45,25,10,4,18,14,96,0,2018-03-18
33,9,16,9,41,50,16,3,7,14,15,91,39,8,15,19,38,57,17,8,9,9,22,101,0,2018-03-19
36,4,21,10,30,40,16,7,2,14,19,97,43,10,15,11,37,48,23,10,2,15,25,111,0,2018-03-19
50,16,10,9,44,53,40,9,6,18,23,126,31,6,12,11,18,29,18,12,2,12,19,80,1,2018-03-19
42,6,30,16,36,52,21,8,10,9,20,120,43,15,14,11,37,48,25,6,6,17,28,115,1,2018-03-19
33,12,35,14,34,48,21,4,4,19,27,113,41,14,33,5,31,36,28,11,4,12,30,129,0,2018-03-19
38,9,11,7,34,41,22,11,4,18,21,96,32,11,12,8,30,38,15,14,4,17,16,87,1,2018-03-19
45,18,17,8,38,46,30,13,4,18,22,125,35,10,15,15,28,43,19,11,5,19,14,95,1,2018-03-19
32,11,16,7,27,34,28,6,6,16,12,91,41,13,10,14,32,46,26,10,3,15,23,105,0,2018-03-19
38,17,21,7,31,38,27,7,3,9,23,114,44,12,21,11,38,49,25,5,2,11,21,121,0,2018-03-19
45,11,24,11,45,56,21,9,3,20,29,125,36,11,30,7,27,34,18,17,2,14,24,113,1,2018-03-19
38,19,16,7,42,49,27,7,2,16,26,111,28,6,17,8,30,38,13,8,5,12,25,79,1,2018-03-19
46,11,19,10,41,51,25,6,4,11,15,122,42,6,14,4,38,42,21,5,9,14,20,104,1,2018-03-20
38,10,13,10,37,47,28,7,7,15,18,99,28,15,21,19,31,50,12,8,0,14,19,92,1,2018-03-20
36,10,12,13,25,38,18,4,3,13,19,94,39,15,16,6,31,37,27,5,10,14,20,109,0,2018-03-20
36,13,15,11,41,52,22,6,5,17,24,100,35,10,19,8,36,44,19,6,6,13,20,99,1,2018-03-20
32,9,18,7,42,49,22,5,4,20,17,91,36,10,10,12,31,43,23,14,6,11,18,92,0,2018-03-20
40,11,13,11,33,44,25,4,4,9,18,104,40,12,19,11,37,48,28,6,5,8,17,111,0,2018-03-21
48,15,22,13,36,49,27,10,5,9,18,133,40,13,16,7,33,40,31,3,7,16,23,109,1,2018-03-21
46,10,14,10,22,32,31,13,3,14,21,116,45,16,19,6,31,37,27,8,6,21,20,125,0,2018-03-21
43,6,18,9,35,44,24,9,8,6,16,110,38,8,16,14,33,47,20,4,3,13,18,100,1,2018-03-21
42,13,31,8,43,51,23,5,10,13,29,128,32,8,22,8,33,41,18,5,4,20,26,94,1,2018-03-21
51,11,13,4,46,50,37,8,7,16,18,126,37,6,21,10,33,43,21,10,2,13,22,101,1,2018-03-21
34,11,22,4,28,32,17,10,5,13,21,101,38,18,18,8,38,46,22,10,5,17,25,112,0,2018-03-21
35,4,14,6,27,33,17,10,7,9,19,88,39,9,12,8,38,46,23,4,1,16,18,99,0,2018-03-21
37,7,22,7,37,44,20,6,7,21,20,103,40,11,8,6,26,32,17,11,2,11,27,99,1,2018-03-21
38,7,15,6,30,36,23,12,1,14,21,98,41,14,12,7,35,42,23,8,2,20,18,108,0,2018-03-22
35,9,19,15,36,51,21,6,4,13,15,98,39,13,13,11,33,44,22,7,10,9,22,104,0,2018-03-22
40,10,10,11,37,48,20,8,7,7,19,100,34,11,12,8,35,43,20,5,3,14,12,91,1,2018-03-22
36,4,10,12,31,43,20,11,5,13,22,86,30,7,15,11,33,44,13,8,1,17,20,82,1,2018-03-22
40,8,12,8,35,43,32,6,5,17,25,100,41,6,23,13,34,47,27,12,6,10,10,111,0,2018-03-23
52,6,18,8,34,42,28,13,4,9,19,128,43,17,22,7,33,40,19,4,3,16,20,125,1,2018-03-23
46,18,11,5,25,30,31,8,2,10,19,121,41,8,18,8,32,40,19,5,6,16,21,108,1,2018-03-23
41,7,16,8,35,43,22,9,8,7,12,105,43,13,7,8,39,47,28,5,6,14,17,106,0,2018-03-23
33,6,14,9,30,39,14,5,2,14,21,86,35,9,18,8,41,49,25,11,0,21,24,97,0,2018-03-23
43,7,16,10,41,51,19,6,6,18,22,109,39,10,22,7,40,47,28,11,5,15,24,110,0,2018-03-23
47,9,15,8,32,40,31,4,1,17,27,118,43,7,33,18,29,47,20,5,4,13,22,126,0,2018-03-23
44,15,15,6,29,35,28,11,8,14,14,118,39,9,16,11,33,44,26,8,5,20,23,103,1,2018-03-23
39,4,18,12,34,46,18,11,6,18,18,100,34,11,15,9,26,35,18,16,5,16,21,94,1,2018-03-23
40,8,12,11,32,43,16,8,5,8,20,100,35,11,24,9,36,45,22,5,4,13,18,105,0,2018-03-23
45,18,9,7,26,33,19,4,5,15,28,117,40,10,34,7,28,35,14,13,2,12,17,124,0,2018-03-23
44,9,19,13,34,47,26,10,5,9,20,116,33,6,26,7,31,38,20,5,6,15,19,98,1,2018-03-24
42,10,14,11,34,45,24,10,2,13,18,108,35,13,17,13,33,46,21,6,4,17,15,100,1,2018-03-24
35,6,15,10,40,50,17,5,3,19,14,91,42,6,13,5,30,35,19,11,5,9,20,103,0,2018-03-24
38,10,16,5,39,44,19,6,8,17,22,102,34,8,14,9,27,36,14,9,4,11,24,90,1,2018-03-24
38,11,20,10,31,41,19,10,3,16,18,107,40,9,15,7,35,42,17,14,4,18,20,104,1,2018-03-24
48,17,17,4,32,36,30,12,7,9,15,130,49,18,7,6,35,41,32,6,2,18,19,123,1,2018-03-25
39,8,14,8,35,43,31,1,9,19,24,100,39,10,21,3,33,36,23,15,6,10,20,109,0,2018-03-25
43,12,6,12,31,43,29,14,7,14,19,104,36,12,21,7,33,40,22,11,13,19,13,105,0,2018-03-25
35,5,18,11,32,43,20,7,6,10,21,93,35,13,17,11,33,44,19,7,2,11,20,100,0,2018-03-25
38,8,11,11,40,51,25,4,5,12,24,95,29,5,28,12,34,46,12,6,6,7,15,91,1,2018-03-25
40,8,19,8,34,42,23,15,5,13,26,107,26,7,20,11,28,39,13,6,3,18,15,79,1,2018-03-25
37,12,10,6,34,40,23,5,5,12,22,96,38,7,25,10,43,53,17,9,3,9,16,108,0,2018-03-25
42,17,13,7,32,39,27,11,3,13,17,114,41,17,11,8,32,40,27,6,4,16,16,110,1,2018-03-25
50,18,23,7,31,38,37,3,6,10,17,141,49,15,15,13,25,38,29,6,0,7,22,128,1,2018-03-25
38,7,10,7,27,34,18,7,1,14,16,93,40,12,12,3,32,35,23,9,2,15,11,104,0,2018-03-25
45,7,22,9,34,43,26,7,6,18,16,119,45,12,11,14,25,39,24,13,6,11,22,113,1,2018-03-26
42,11,24,9,32,41,25,10,1,20,22,119,40,10,20,9,24,33,24,12,3,14,26,110,1,2018-03-26
38,19,15,3,30,33,22,7,2,17,15,110,43,16,10,11,31,42,25,10,1,13,21,112,0,2018-03-26
36,12,10,11,36,47,18,8,5,15,18,94,37,14,14,10,34,44,24,10,3,12,19,102,0,2018-03-26
26,6,20,7,25,32,18,9,1,18,15,78,46,13,7,11,35,46,31,10,3,16,22,112,0,2018-03-26
41,8,8,5,29,34,18,11,6,12,19,98,42,15,15,14,35,49,18,6,3,13,13,114,0,2018-03-26
43,19,17,7,33,40,29,6,2,12,17,122,48,13,16,7,39,46,36,8,7,14,21,125,0,2018-03-27
38,9,18,7,40,47,23,9,6,15,20,103,45,9,13,11,39,50,29,7,4,12,19,112,0,2018-03-27
40,14,16,4,33,37,22,6,7,12,17,110,33,7,20,6,32,38,19,4,2,12,19,93,1,2018-03-27
39,17,13,6,39,45,24,7,5,10,18,108,36,4,20,12,44,56,14,4,5,12,15,96,1,2018-03-27
46,18,11,5,36,41,30,10,2,11,15,121,39,11,15,5,31,36,21,7,1,10,16,104,1,2018-03-27
44,13,11,10,40,50,21,4,2,7,26,112,40,6,20,6,41,47,29,3,7,10,20,106,1,2018-03-27
33,6,17,6,31,37,16,3,2,12,13,89,39,12,13,15,30,45,18,9,5,7,16,103,0,2018-03-27
36,8,29,7,33,40,20,10,6,10,24,109,35,10,22,4,32,36,18,6,2,11,22,102,1,2018-03-27
31,5,20,9,31,40,15,5,2,16,21,87,42,9,19,1,37,38,27,13,5,12,22,112,0,2018-03-28
34,9,17,12,33,45,25,7,6,16,18,94,35,12,15,11,31,42,20,11,2,16,18,97,0,2018-03-28
36,9,22,7,42,49,25,6,5,15,16,103,33,13,14,6,34,40,17,10,1,10,22,93,1,2018-03-28
52,14,8,11,28,39,24,6,2,9,23,126,37,9,30,7,29,36,26,6,2,12,17,113,1,2018-03-28
38,9,14,11,39,50,22,8,9,16,13,99,33,9,8,10,32,42,19,11,0,13,19,83,1,2018-03-28
33,13,28,10,25,35,17,12,3,15,23,107,44,10,17,7,41,48,27,10,4,19,31,115,0,2018-03-28
43,18,20,12,33,45,20,15,3,13,16,124,46,10,7,12,27,39,22,10,5,17,17,109,1,2018-03-28
50,9,12,7,48,55,28,10,10,10,22,121,34,17,10,3,33,36,20,5,6,18,15,95,1,2018-03-28
35,6,20,9,41,50,22,5,7,13,17,96,36,13,19,18,41,59,21,12,6,12,21,104,0,2018-03-29
41,9,18,9,48,57,18,7,7,17,19,109,38,13,14,7,37,44,17,10,3,11,16,103,1,2018-03-29
37,13,19,11,27,38,20,6,4,14,17,106,43,10,21,8,34,42,19,10,2,15,20,117,0,2018-03-29
41,12,13,10,36,46,26,5,1,10,17,107,34,6,9,5,21,26,18,6,3,12,19,83,1,2018-03-29
37,10,10,12,31,43,32,5,3,10,22,94,35,10,13,9,34,43,27,5,6,12,20,93,1,2018-03-29
44,7,22,8,33,41,22,8,6,11,29,117,33,8,26,9,26,35,20,7,3,16,23,100,1,2018-03-29
42,13,9,8,30,38,30,8,2,8,16,106,45,6,11,8,35,43,29,5,10,12,15,107,0,2018-03-30
40,17,23,12,40,52,25,5,7,14,13,120,42,8,7,5,27,32,17,12,1,6,22,99,1,2018-03-30
42,19,19,5,37,42,32,2,5,15,14,122,48,17,16,13,34,47,31,10,4,5,24,129,0,2018-03-30
45,13,12,9,32,41,35,5,8,21,16,115,44,8,12,15,23,38,23,14,5,9,13,108,1,2018-03-30
39,11,19,14,33,47,20,6,8,15,21,108,40,6,14,9,31,40,18,6,6,12,21,100,1,2018-03-30
48,10,14,12,35,47,29,6,8,12,18,120,45,8,17,15,31,46,21,7,5,10,17,115,1,2018-03-30
48,8,18,15,41,56,33,5,3,18,23,122,45,11,23,8,31,39,24,14,6,12,25,124,0,2018-03-30
46,13,14,15,38,53,36,10,4,16,26,119,41,8,19,12,37,49,22,11,4,18,28,109,1,2018-03-31
41,5,24,12,29,41,21,12,2,8,19,111,41,19,18,4,37,41,30,3,12,17,21,119,0,2018-03-31
42,17,13,6,32,38,20,7,3,10,17,114,48,13,15,6,39,45,35,6,6,12,18,124,0,2018-03-31
40,7,23,8,33,41,19,6,3,5,23,110,37,8,17,9,37,46,23,1,5,15,26,99,1,2018-03-31
37,11,17,9,39,48,22,10,3,18,17,102,35,9,10,9,32,41,20,5,4,15,17,89,1,2018-03-31
36,6,18,10,39,49,16,5,6,14,23,96,39,9,14,8,34,42,26,6,10,15,19,101,0,2018-03-31
40,9,24,10,44,54,23,4,5,13,18,113,35,12,21,13,35,48,22,6,4,11,20,103,1,2018-03-31
43,8,18,9,31,40,21,9,10,14,20,112,35,12,25,12,26,38,23,11,4,13,20,107,1,2018-04-01
37,9,17,15,37,52,24,6,5,16,18,100,46,13,9,5,36,41,30,10,2,16,20,114,0,2018-04-01
36,8,13,6,39,45,22,10,1,11,11,93,31,5,12,10,36,46,18,8,5,14,13,79,1,2018-04-01
34,6,35,9,27,36,20,9,6,15,18,109,37,11,19,6,27,33,20,7,1,15,28,104,1,2018-04-01
41,10,14,7,42,49,29,5,7,12,17,106,35,9,15,5,28,33,17,8,2,7,18,94,1,2018-04-01
36,6,18,4,35,39,16,8,1,13,14,96,46,24,8,5,41,46,36,11,10,13,18,124,0,2018-04-01
42,10,10,5,34,39,28,10,3,13,16,104,33,17,18,7,31,38,22,5,5,20,23,101,1,2018-04-01
35,11,34,4,34,38,16,7,4,15,23,115,38,8,27,8,32,40,17,12,7,14,34,111,1,2018-04-01
37,8,23,13,26,39,16,9,5,10,19,105,42,9,15,18,31,49,20,8,7,13,19,108,0,2018-04-01
44,15,23,8,34,42,30,13,4,15,28,126,37,9,30,0,35,35,23,7,4,17,24,113,1,2018-04-01
38,13,21,11,36,47,27,7,4,14,22,110,35,15,26,8,34,42,23,10,2,13,23,111,0,2018-04-01
30,7,16,10,37,47,18,5,6,14,15,83,35,7,7,13,34,47,17,9,5,10,20,84,0,2018-04-01
43,14,17,14,33,47,29,10,5,14,22,117,36,14,24,7,32,39,23,7,5,16,23,110,1,2018-04-03
47,18,9,10,35,45,23,12,5,16,15,121,38,14,13,8,27,35,15,11,2,14,13,103,1,2018-04-03
34,13,31,10,45,55,16,9,8,14,21,112,37,9,20,11,42,53,17,8,8,17,25,103,1,2018-04-03
37,14,13,7,36,43,28,5,3,15,10,101,39,10,7,9,36,45,25,15,5,12,20,95,1,2018-04-03
46,18,11,12,38,50,34,7,9,18,20,121,45,8,12,8,32,40,25,6,6,11,18,110,1,2018-04-03
41,8,19,6,37,43,27,7,5,7,16,109,39,12,14,9,34,43,21,4,7,9,18,104,1,2018-04-03
41,9,16,11,24,35,24,8,3,16,25,107,37,13,29,10,26,36,21,8,3,11,23,116,0,2018-04-03
39,3,24,10,35,45,19,10,7,18,25,105,39,13,30,14,40,54,31,13,10,16,25,121,0,2018-04-03
43,17,8,7,34,41,29,6,3,12,16,111,41,9,13,5,30,35,21,4,2,9,14,104,1,2018-04-03
43,5,15,9,32,41,27,6,5,15,23,106,38,7,19,10,27,37,19,10,6,17,17,102,1,2018-04-03
41,16,11,11,34,45,30,4,3,12,21,109,44,13,13,11,33,44,25,4,5,13,14,114,0,2018-04-03
36,15,15,9,39,48,21,7,0,20,17,102,38,13,15,8,37,45,26,14,4,12,15,104,0,2018-04-03
41,18,14,6,32,38,32,8,10,17,15,114,43,12,7,10,34,44,26,7,6,19,17,105,1,2018-04-03
36,10,13,7,33,40,22,5,5,9,16,95,42,10,14,14,43,57,23,6,3,9,16,108,0,2018-04-03
41,10,17,7,28,35,19,7,3,17,14,109,47,13,9,11,35,46,21,12,4,17,21,116,0,2018-04-04
48,10,12,12,38,50,21,9,3,12,13,118,42,8,15,18,33,51,23,9,8,13,11,107,1,2018-04-04
48,13,15,10,33,43,33,7,10,16,15,124,47,8,12,13,26,39,30,8,3,11,16,114,1,2018-04-04
35,10,7,7,35,42,15,7,6,21,17,87,39,11,13,12,32,44,22,8,2,13,17,102,0,2018-04-04
40,10,6,12,36,48,23,10,6,10,25,96,25,3,25,8,35,43,10,7,3,16,16,78,1,2018-04-04
45,9,18,16,32,48,22,12,5,10,25,117,45,14,24,8,43,51,23,5,8,16,26,128,0,2018-04-05
40,9,16,6,30,36,25,3,0,14,21,105,44,17,17,13,28,41,26,7,5,8,18,122,0,2018-04-05
47,13,15,4,40,44,32,4,3,13,22,122,42,9,19,15,31,46,25,7,5,10,20,112,1,2018-04-05
39,11,16,13,28,41,26,14,7,18,22,105,32,7,13,11,30,41,19,8,4,25,23,84,1,2018-04-05
33,9,21,6,31,37,16,7,4,13,22,96,41,13,20,16,42,58,23,8,4,13,22,115,0,2018-04-05
35,6,22,9,39,48,16,7,3,12,19,98,42,15,17,9,42,51,25,6,3,15,19,116,0,2018-04-05
38,8,22,4,29,33,26,9,6,16,21,106,46,11,22,11,35,46,24,9,3,14,19,125,0,2018-04-06
36,9,30,9,34,43,22,2,7,16,20,111,42,8,14,7,28,35,25,4,2,9,32,106,1,2018-04-06
34,8,20,14,43,57,18,6,7,12,20,96,32,7,20,3,40,43,18,8,6,13,22,91,1,2018-04-06
39,13,11,9,25,34,29,12,4,15,22,102,51,20,13,8,37,45,34,9,6,17,13,135,0,2018-04-06
38,12,20,5,30,35,21,8,4,11,15,108,38,15,10,12,30,42,29,5,4,13,20,101,1,2018-04-06
30,9,28,14,31,45,15,14,6,12,23,97,34,12,24,8,48,56,23,5,6,22,34,104,0,2018-04-06
47,8,7,6,24,30,24,10,6,14,15,109,52,14,15,9,36,45,29,6,5,13,18,133,0,2018-04-06
40,18,9,11,33,44,30,11,4,12,23,107,35,6,17,9,37,46,22,6,2,17,14,93,1,2018-04-06
45,12,19,17,32,49,25,7,5,13,30,121,40,9,23,6,34,40,21,5,6,12,26,112,1,2018-04-06
46,10,17,8,31,39,29,12,9,9,19,119,36,14,10,15,27,42,24,4,2,14,21,96,1,2018-04-06
45,14,7,6,40,46,35,9,6,18,15,111,40,14,10,9,34,43,25,15,0,17,22,104,1,2018-04-06
31,8,26,13,40,53,16,3,2,20,21,96,43,8,19,18,30,48,25,14,8,5,24,113,0,2018-04-07
37,8,25,12,27,39,20,6,2,12,21,107,44,9,14,15,28,43,21,5,2,12,25,111,0,2018-04-07
33,6,9,8,35,43,15,7,6,19,13,81,39,9,13,6,35,41,14,11,5,12,20,100,0,2018-04-07
40,12,17,8,37,45,29,6,5,9,19,109,37,15,19,13,43,56,23,6,5,17,28,108,1,2018-04-07
41,5,15,7,29,36,23,10,0,16,18,102,34,9,19,6,27,33,20,9,3,16,14,96,1,2018-04-07
43,10,24,11,30,41,27,11,7,20,27,120,46,7,23,13,30,43,26,12,7,18,25,122,0,2018-04-07
37,8,27,10,31,41,20,3,9,11,24,109,40,9,26,8,37,45,16,7,3,6,25,115,0,2018-04-08
48,8,20,13,43,56,27,9,13,15,18,124,50,6,17,13,45,58,26,12,5,13,23,123,1,2018-04-08
42,9,13,10,31,41,33,9,6,12,18,106,43,15,11,5,32,37,23,7,4,13,19,112,0,2018-04-08
36,12,21,17,34,51,21,3,2,14,21,105,43,15,17,7,29,36,27,8,7,5,20,118,0,2018-04-08
42,9,7,12,24,36,27,2,3,8,19,100,48,17,24,9,41,50,32,4,5,9,15,137,0,2018-04-08
40,12,7,9,33,42,21,2,2,10,17,99,44,11,9,7,37,44,29,3,1,8,11,108,0,2018-04-08
36,7,13,4,35,39,17,6,2,16,19,92,36,13,20,10,31,41,21,11,5,10,21,105,0,2018-04-08
36,11,11,8,25,33,21,9,6,12,20,94,44,5,15,10,33,43,28,7,3,11,13,108,0,2018-04-08
37,5,18,12,32,44,20,8,4,12,22,97,42,13,15,7,38,45,35,8,4,18,24,112,0,2018-04-09
38,7,12,10,35,45,16,5,5,12,19,95,40,9,8,12,31,43,26,9,7,9,23,97,0,2018-04-09
43,7,15,12,31,43,26,9,5,15,22,108,41,12,24,13,35,48,33,8,6,16,23,118,0,2018-04-09
46,6,14,9,32,41,31,7,9,16,18,112,41,8,19,12,27,39,22,5,4,12,18,109,1,2018-04-09
42,17,15,11,34,45,24,11,5,9,15,116,38,8,14,8,32,40,24,8,8,11,16,98,1,2018-04-09
48,14,25,4,35,39,31,15,11,22,23,135,44,12,14,13,25,38,30,10,2,19,19,114,1,2018-04-09
41,9,11,7,39,46,19,9,9,10,22,102,33,8,19,14,39,53,18,5,7,14,19,93,1,2018-04-09
48,9,11,13,34,47,23,7,9,11,15,116,50,9,12,12,31,43,26,7,3,12,17,121,0,2018-04-09
31,10,23,7,34,41,20,5,5,15,23,95,42,13,17,11,40,51,27,9,6,14,26,114,0,2018-04-09
41,12,15,7,33,40,25,8,6,11,19,109,32,12,19,7,30,37,19,9,4,11,15,95,1,2018-04-10
46,7,17,10,47,57,25,5,2,13,18,116,46,13,16,9,42,51,39,11,12,8,20,121,0,2018-04-10
43,16,15,12,37,49,33,6,7,13,11,117,39,11,6,14,30,44,27,10,1,12,20,95,1,2018-04-10
41,15,16,10,41,51,32,8,3,20,24,113,33,13,22,13,31,44,22,14,1,16,18,101,1,2018-04-10
36,13,23,12,34,46,20,8,9,12,13,108,38,11,6,6,26,32,25,9,9,15,19,93,1,2018-04-10
43,8,22,11,39,50,22,8,9,14,18,116,44,8,13,11,33,44,27,6,4,13,20,109,1,2018-04-10
38,6,15,2,36,38,23,3,10,15,18,97,46,9,15,10,39,49,34,10,4,12,16,116,0,2018-04-11
37,9,13,12,30,42,20,6,2,16,21,96,41,14,18,6,38,44,22,11,8,16,21,114,0,2018-04-11
45,10,12,14,35,49,24,10,2,11,19,112,42,13,22,5,44,49,24,5,3,15,16,119,0,2018-04-11
42,15,8,3,35,38,27,10,5,16,24,107,43,10,22,9,40,49,21,9,4,15,11,118,0,2018-04-11
37,8,21,4,30,34,25,6,6,14,22,103,39,7,25,10,35,45,20,11,6,15,26,110,0,2018-04-11
38,10,13,9,38,47,22,14,4,17,19,99,37,16,15,8,41,49,19,9,5,18,19,105,0,2018-04-11
41,13,21,11,38,49,27,8,10,22,27,116,35,18,22,13,23,36,20,13,5,13,22,110,1,2018-04-11
36,15,12,8,30,38,20,10,3,14,15,99,39,7,5,9,33,42,18,7,4,16,18,90,1,2018-04-11
36,12,21,9,25,34,16,8,4,15,26,105,38,7,26,10,41,51,27,9,2,20,26,109,0,2018-04-11
39,7,26,8,31,39,21,10,6,12,18,111,49,16,15,10,33,43,35,6,7,14,27,129,0,2018-04-11
46,6,12,20,42,62,22,6,6,13,14,110,37,11,12,10,34,44,27,10,6,15,12,97,1,2018-04-11
